monetary,emissions,indipendence,PM_emissions,monetary.w,emissions.w,indipendence.w,PM_emissions.w,pv_planned_ground,pv_planned_roof,wind_planned_onshore,wind_planned_offshore,P2Heat_planned,supply_heat_solid,supply_heat_oil,supply_heat_gpl,battery,supply_grid_power.p,pv_existing.p,pv_planned_ground.p,pv_planned_roof.p,wind_existing.p,wind_planned_onshore.p,wind_planned_offshore.p,P2Heat_existing.p,P2Heat_planned.p,supply_heat_solid.p,supply_heat_oil.p,supply_heat_gpl.p,battery.p,runtime,provenance
75159004.61,131992265.6,31001336.0,14025014.01,1,0.0967872587691039,0.7737124668137207,0.0838729331474794,48968.0,149796.36,100000.0,0.0,19886.681,33631.059,38000.0,40000.0,0.0,403226694.3176274,59757500.0,58524105.199999966,179029123.9792397,350458617.6000004,380933280.0,0.0,250066737.9475717,173213893.522774,379051.89734,10265778.537245993,95871808.31667978,0.0,00:06:53,sets_SA_20231108_0857
109647656.876,80276445.54,22843483.0,13024203.0433,1,2.884728467821917,3.907323360008839,0.3504262284854825,48968.0,185236.6,100000.0,100000.0,67698.454,51304.068,0.0,12515.218,200000.0,308708092.7286663,59757500.0,58524105.199999966,221385522.4906001,350458617.6000004,380933280.0,294241174.0843274,56000594.50129994,457468074.2391967,16279747.808459982,0.0,48851.9306,36564945.45875999,00:05:49,sets_SA_20231108_0857
114373890.06,71571967.98,20291944.0,147704778.456,1,2.0679565357822898,0.2128817914229697,0.0613514164351564,48968.0,185236.6,100000.0,100000.0,40144.884,56000.0,0.0,35372.857,136000.0,274849388.4518051,59757500.0,58524105.199999966,221385522.4306001,350458617.6000004,380933280.0,294241174.0805473,98527037.50541192,246186744.0839917,184643612.66294,0.0,439877.6199000001,31127809.315141,00:05:54,sets_SA_20231108_0857
108161393.88,91722749.3,21696799.0,6417795.0,1,0.0,13.677952833302967,2.621819690178925,48968.0,185236.6,100000.0,100000.0,63954.411,0.0,38000.0,40000.0,200000.0,303410259.5974324,59757500.0,58524105.199999966,221385522.4906001,350458617.6000004,380933280.0,294241174.0843274,59276892.439539805,421152092.59010553,0.0,11005586.968679996,38362697.61412005,44045003.23657299,00:05:49,sets_SA_20231108_0857
112694497.34,102113395.0,19252748.0,53008062.93,1,1.5492910040082606,26.425155210357243,0.5903949817236858,48968.0,185236.6,100000.0,100000.0,63058.631,53573.944,37464.152,40000.0,200000.0,272118824.4389148,59757500.0,58524105.199999966,221385522.4306001,350458617.6000004,380933280.0,294241174.0805473,45400081.64659001,314615818.54453903,46383454.31275976,5691524.887690002,117706389.65188986,43265371.890654966,00:05:47,sets_SA_20231108_0857
118832157.77,69633242.597,19840587.0,152557253.406,1,3.0,0.0,0.1047861113645103,48968.0,185236.6,100000.0,100000.0,45921.478,56000.0,0.0,29596.262,184731.33,267562461.5140997,59757500.0,58524105.199999966,221385522.4306001,350458617.6000004,380933280.0,294241174.0805473,78953163.56960203,259838819.44427803,190740067.2900499,0.0,265218.61220000003,35529727.14144451,00:06:08,sets_SA_20231108_0857
97955237.53,83821600.9787,23932631.0,117384767.7607,1,1.0863039935686347,0.0,0.0,48968.0,185236.6,100000.0,55026.798,29809.043,56000.0,5708.6966,40000.0,48952.496,321374063.5792944,59757500.0,58524105.199999966,221385522.4306001,350458617.6000004,380933280.0,161911496.33132932,133863924.96880518,248259695.51121545,146629008.73172957,13172.9806,1031463.5901999994,15986922.630761957,00:07:06,sets_SA_20231108_0857
68663913.26,174837741.6,36456695.0,29987729.2,1,0.0242286567987041,0.2506888301067866,0.0,48968.0,0.0,100000.0,0.0,0.0,53517.74,38000.0,40000.0,0.0,455763661.4913522,59757500.0,58524105.199999966,0.0,350458617.6000004,380933280.0,0.0,309032654.19277,0.0,2058762.9281999995,32862681.61971002,185843170.9228802,0.0,00:05:46,sets_SA_20231108_0857
112729325.64,74769780.69,20412650.0,107457164.5,1,1.017381529750537,5.541007452076995,0.1037903599565508,48968.0,185236.6,100000.0,100000.0,45661.488,56000.0,0.0,29856.253,164705.88,285141098.9362898,59757500.0,58524105.199999966,221385522.4306001,350458617.6000004,380933280.0,294241174.0805473,87051500.15424973,306261053.66473323,133978718.07878023,0.0,2505999.813960001,38700544.38887098,00:06:04,sets_SA_20231108_0857
117002480.78,79394666.37,19866116.0,88496579.09,1,2.3986255980511526,30.0,0.7657061627467265,48968.0,185236.6,100000.0,100000.0,69608.209,56000.0,29391.133,40000.0,200000.0,281343343.2239283,59757500.0,58524105.199999966,221385522.47060013,350458617.6000004,380933280.0,294241174.0764674,36827307.85184,361883985.2679556,106729798.09211996,2788688.6085999967,21567490.44282,42929950.29089599,00:05:49,sets_SA_20231108_0857
95375281.042,89946283.951,23664044.0,108857092.447,1,0.2844448577082177,2.431760927488704,0.0,48968.0,185236.6,100000.0,42696.779,27609.507,56000.0,7908.2332,40000.0,60303.166,329023355.90082496,59757500.0,58524105.199999966,221385522.47060013,350458617.6000004,380933280.0,125631502.54924063,161093924.20915994,217994382.8068644,133333223.83337028,318911.0777599999,17056828.283879995,24712366.94078056,00:06:55,sets_SA_20231108_0857
115342324.4,76384192.2,20412748.0,82000396.07,1,2.127236495009636,16.758077833358374,0.4678690603885104,48968.0,185236.6,100000.0,100000.0,64360.764,56000.0,0.0,40000.0,200000.0,287088849.4816506,59757500.0,58524105.199999966,221385522.4306001,350458617.6000004,380933280.0,294241174.0805473,45962628.15249987,375505535.0830857,101437286.79271996,0.0,6891819.444110002,42066026.75155948,00:05:49,sets_SA_20231108_0857
85690085.41319999,96975109.13459,28123136.0,46632990.828538,1,0.7753493942663416,0.0,0.0,48968.0,185236.6,100000.0,21060.46,34879.114,56000.0,638.62608,40000.0,20184.252,372318814.77367365,59757500.0,58524105.199999966,221385522.47060013,350458617.6000004,380933280.0,61968544.59306211,171166693.0553694,299741119.408283,58207847.79382994,638.62608,680970.5642200001,7767083.853848716,00:06:16,sets_SA_20231108_0857
108516304.7,87201726.2,22303418.0,3421072.46,1,0.0,12.923166533863858,3.0,48968.0,185236.6,100000.0,100000.0,67736.288,0.0,34091.589,40000.0,200000.0,309157398.15912604,59757500.0,58524105.199999966,221385522.4906001,350458617.6000004,380933280.0,294241174.0843274,57135718.13435998,446302063.21404105,0.0,4883614.058879997,21475873.67839999,44075534.16874999,00:06:04,sets_SA_20231108_0857
104134282.26,96223605.5,21667946.0,8746014.5,1,0.4818825547526555,7.087666091384107,0.5396077476032632,48968.0,185236.6,100000.0,100000.0,53517.74,0.0,38000.0,40000.0,158398.69,303131052.8434929,59757500.0,58524105.199999966,221385522.4306001,350458617.6000004,380933280.0,294241174.0805473,80613978.9467442,381739060.88598025,0.0,11213998.361799994,56230230.99107,40139919.17544371,00:05:58,sets_SA_20231108_0857
102378810.47,89949219.0,22860534.0,4051865.75,1,0.635697962668869,4.87060155600094,0.2468823077202602,48968.0,185236.6,100000.0,100000.0,56263.961,0.0,35253.779,40000.0,129387.92,315175489.4983056,59757500.0,58524105.199999966,221385522.4906001,350458617.6000004,380933280.0,294241174.0843274,85467413.75325975,412960360.3553276,0.0,2377871.280900003,28991625.68771004,36626820.14499101,00:05:55,sets_SA_20231108_0857
87318170.07,96608819.37,28240235.0,8745345.33,1,0.8610513813712225,0.0,0.1391177809143084,48968.0,185236.6,100000.0,31088.292,56976.025,34541.715,0.0,40000.0,26386.052,370944071.09330416,59757500.0,58524105.199999966,221385522.47060013,350458617.6000004,380933280.0,91474556.09269089,94840542.85758004,423477568.4089769,10832518.04359998,0.0,646638.7441000002,9659677.56682398,00:06:36,sets_SA_20231108_0857
110162633.17,79715684.7,21539556.0,45198198.53,1,0.9657979393589656,7.299321631514837,0.2199533592450021,48968.0,185236.6,100000.0,100000.0,57367.394,56000.0,0.0,35031.411,190148.64,300904138.90266937,59757500.0,58524105.199999966,221385522.4306001,350458617.6000004,380933280.0,294241174.0805473,70670980.98303998,397685804.2612365,55579742.86141004,0.0,5860742.921660004,41332392.36185997,00:05:57,sets_SA_20231108_0857
83368242.4,100292681.37,29445221.0,35663700.23,1,0.6405834750373213,0.0,0.0011202608147215,48968.0,185236.6,100000.0,13612.876,35517.74,56000.0,0.0,40000.0,10486.079,385112787.6183511,59757500.0,58524105.199999966,221385522.47060013,350458617.6000004,380933280.0,40054686.137592375,179844547.99097,304810410.68703103,44495671.39577992,0.0,646638.7421000003,4307512.362316998,00:06:40,sets_SA_20231108_0857
112010771.4,80646771.52,22224014.0,18867283.75,1,2.9088576583220176,19.89606769470568,0.904891987702182,48968.0,185236.6,100000.0,100000.0,79452.608,56000.0,0.0,38648.766,200000.0,307359292.83357567,59757500.0,58524105.199999966,221385522.47060013,350458617.6000004,380933280.0,294241174.0771071,32162816.64234002,471604164.9239292,23127421.70229001,0.0,2902865.5830300003,41858155.46834,00:05:47,sets_SA_20231108_0857
81409777.74000001,175558662.0,23504650.0,56286047.0,1,0.0,2.785556652831485,0.0,48968.0,185236.6,100000.0,4898.5639,0.0,53517.74,38000.0,40000.0,51000.0,321394812.9154526,59757500.0,58524105.199999966,221385522.4306001,350458617.6000004,380933280.0,14413591.961790914,163513325.64318326,0.0,12916682.297329996,82347599.31354031,271019662.4002204,22988424.573430017,00:06:40,sets_SA_20231108_0857
68706424.93,179506696.2,36032932.0,32941518.0,1,0.0,0.2201664009626185,0.0,48968.0,0.0,100000.0,0.0,0.0,53517.74,38000.0,40000.0,0.0,451274522.4854215,59757500.0,58524105.199999966,0.0,350458617.6000004,380933280.0,0.0,286167547.0801195,0.0,2058762.9281999995,34666548.70780007,206904410.94853005,0.0,00:05:46,sets_SA_20231108_0857
72789205.65,180124156.0,29545318.0,42420077.9,1,0.0,0.882804204642329,0.0,48968.0,94292.721,100000.0,0.0,0.0,53517.74,38000.0,40000.0,0.0,383128358.1260072,59757500.0,58524105.199999966,112693945.04029244,350458617.6000004,380933280.0,0.0,215719587.86752865,0.0,2503050.8100100006,54324224.96792994,257250406.01044515,0.0,00:06:35,sets_SA_20231108_0857
80634054.93000004,122619243.1,27110534.0,13818234.88,1,0.1182270833244497,1.6956599795562948,0.1504780157055978,48968.0,185236.6,100000.0,11747.412,27005.138,26512.602,38000.0,40000.0,34000.0,367660927.55021846,59757500.0,58524105.199999966,221385522.4306001,350458617.6000004,380933280.0,34565722.91498233,193967784.48162,229993138.0014365,201127.5976,10295712.28069999,95339505.69300912,16476713.630047595,00:06:54,sets_SA_20231108_0857
96131517.36,141407998.0,20184441.0,35346667.9,1,0.0,5.0922714877323045,0.2305327536127818,48968.0,185236.6,100000.0,90091.82,9390.3164,44127.424,38000.0,40000.0,95920.478,281101964.9866888,59757500.0,58524105.199999966,221385522.4306001,350458617.6000004,380933280.0,265087228.2700413,206668747.31388107,59493100.764076,1558669.12607,63858859.60976021,198217893.09914,33776396.81020416,00:06:58,sets_SA_20231108_0857
118510278.28,72838182.81,19862019.0,114751719.5,1,3.0,18.503251501906902,0.4819182429283744,48968.0,185236.6,100000.0,100000.0,63592.079,56000.0,0.0,34515.335,200000.0,277371363.69340336,59757500.0,58524105.199999966,221385522.4306001,350458617.6000004,380933280.0,294241174.0805473,44827469.05742402,339068734.6436562,143044622.25976628,0.0,2856443.4016299983,41457195.75309697,00:05:37,sets_SA_20231108_0857
104423601.87500004,102476203.3,20948179.0,13240471.51,1,0.5371938236105884,7.404343938014101,0.2720613878851984,48968.0,185236.6,100000.0,100000.0,49580.251,3937.4893,38000.0,40000.0,164705.88,294424011.51291454,59757500.0,58524105.199999966,221385522.4306001,350458617.6000004,380933280.0,294241174.0805473,82664277.23747979,346618602.64700973,293262.0081999997,18346097.889379986,81875030.70767994,40489003.86890295,00:05:46,sets_SA_20231108_0857
109621165.01,100462332.5,20484261.0,16032616.499999998,1,1.4820105910432606,19.756786690724766,0.6401750090066621,48968.0,185236.6,100000.0,100000.0,65639.787,28259.228,38000.0,40000.0,200000.0,289143479.9474437,59757500.0,58524105.199999966,221385522.4306001,350458617.6000004,380933280.0,294241174.0805473,45468714.66560999,382815999.810071,4237181.376410003,21467307.70811997,75808066.24150993,42962737.58721794,00:05:31,sets_SA_20231108_0857
93250942.34,134560554.0,21177898.0,29189023.34,1,0.010305153356057,4.296380824542221,0.321548986165355,48968.0,185236.6,100000.0,72650.64,18338.03,35179.71,38000.0,40000.0,85000.0,295813870.35993963,59757500.0,58524105.199999966,221385522.4306001,350458617.6000004,380933280.0,213768095.9652724,183732371.3705597,123684858.44564652,433117.4853,47703092.132749975,174243828.24039423,31667640.74226505,00:06:04,sets_SA_20231108_0857
105451543.16600004,80633329.661,21139524.0,142107050.574,1,0.4028870498270108,3.097967066140251,0.0,48968.0,185236.6,100000.0,82498.271,25823.667,56000.0,9694.0727,40000.0,83820.555,295593365.7945667,59757500.0,58524105.199999966,221385522.47060013,350458617.6000004,380933280.0,242743880.86071768,155439524.73779503,184131393.9639444,175310415.838565,327033.56544,14588898.547200011,29758902.499538887,00:07:03,sets_SA_20231108_0857
92579300.19300002,92404393.554,24572129.0,99814000.995,1,0.2727765231825239,2.20823661089144,0.0,48968.0,185236.6,100000.0,32451.745,28079.353,56000.0,7438.3868,40000.0,51000.0,339935589.4006265,59757500.0,58524105.199999966,221385522.4306001,350458617.6000004,380933280.0,95486394.93410172,165709912.51106775,225938192.136764,122264855.29369004,249763.3389800001,15634544.345279995,22082584.50512829,00:06:43,sets_SA_20231108_0857
83035518.63,100961331.37,29769155.0,24974466.23,1,0.6329518233021276,0.0,0.0196797874244492,48968.0,185236.6,100000.0,13398.785,40593.33,50924.41,0.0,40000.0,8997.5204,387684493.2849396,59757500.0,58524105.199999966,221385522.47060013,350458617.6000004,380933280.0,39424741.38588458,156853640.00883996,341168902.52298963,31128089.404429995,0.0,646638.7431000003,3729466.668713883,00:06:47,sets_SA_20231108_0857
96047307.54000002,90351608.802,25182453.0,1017403.432,1,0.4907927798479243,2.2715564333338265,0.9042838127534852,48968.0,185236.6,100000.0,75533.628,61992.416,0.0,29525.324,40000.0,70588.235,339804927.9504785,59757500.0,58524105.199999966,221385522.47060013,350458617.6000004,380933280.0,222251033.94309315,80330102.49324988,441575772.74801046,0.0,263351.5597,7628042.792300014,26109704.638187,00:06:21,sets_SA_20231108_0857
79177336.64400001,111342139.48,31841941.0,2455971.6416,1,0.2065305252454303,0.5748420369941165,0.5113121838827004,48968.0,170986.2,100000.0,0.0,49382.777,4134.9632,38000.0,40000.0,0.0,409680760.2942032,59757500.0,58524105.199999966,204354155.3602402,350458617.6000004,380933280.0,0.0,119917761.85276964,390872643.6900179,7119.994000000001,761850.1971200001,18237894.145,0.0,00:05:58,sets_SA_20231108_0857
97360113.19,102019050.5,22545936.0,10280312.327,1,0.2465513146823531,3.720175152696312,0.2810017691207046,48968.0,185236.6,100000.0,94190.515,42456.65,11061.09,38000.0,40000.0,88409.783,314159544.4167451,59757500.0,58524105.199999966,221385522.4306001,350458617.6000004,380933280.0,277147277.33489794,117097467.32871056,333506831.0393522,40127.1639,10309328.647409998,68843514.11991979,31501483.553570088,00:07:06,sets_SA_20231108_0857
103051950.56,83986645.9,22261212.0,48669425.7,1,0.4624981717343149,3.683119710375464,0.0730322445026633,48968.0,185236.6,100000.0,100000.0,45481.553,46036.187,0.0,40000.0,102000.0,310493274.48182505,59757500.0,58524105.199999966,221385522.47060013,350458617.6000004,380933280.0,294241174.0771071,107505997.19465008,350605646.1223976,58787812.70351965,0.0,12897813.012729991,33055587.418319967,00:06:51,sets_SA_20231108_0857
69341585.44,158021260.3,37708800.0,18831728.97,1,0.0,0.4734549779025343,0.1577621308584427,48968.0,0.0,100000.0,0.0,10931.809,42585.931,38000.0,40000.0,0.0,468998549.00031817,59757500.0,58524105.199999966,0.0,350458617.6000004,380933280.0,0.0,293069176.7170909,95370465.96210292,798842.8795999999,17291572.718740016,123267214.7577204,0.0,00:06:38,sets_SA_20231108_0857
109828544.89000002,90738417.3,21692808.0,6005076.5,1,1.5281523774412735,23.223951172135457,2.2194914811337405,48968.0,185236.6,100000.0,100000.0,74750.623,0.0,38000.0,40000.0,200000.0,302841785.1470977,59757500.0,58524105.199999966,221385522.4906001,350458617.6000004,380933280.0,294241174.0843274,36488832.89313204,447092830.34238726,0.0,9794599.180780005,36421006.51032999,43111958.91702299,00:06:01,sets_SA_20231108_0857
88748485.57000002,130445348.8,22777212.0,24238830.36,1,0.0241107706205287,3.5365488010649924,0.3399105347215828,48968.0,185236.6,100000.0,48360.511,22984.275,30533.465,38000.0,40000.0,70588.235,317620839.0828693,59757500.0,58524105.199999966,221385522.4906001,350458617.6000004,380933280.0,142296536.78639683,173945156.36797073,170591832.76886272,290523.08281999995,34299796.46160099,150669957.4772221,28701798.895525035,00:07:10,sets_SA_20231108_0857
110506393.77,80352752.16999999,19772395.0,163930044.23,1,0.3064747775130707,4.303552731198471,0.0,48968.0,185236.6,100000.0,100000.0,20505.375,56000.0,15012.365,40000.0,102000.0,277298128.2244252,59757500.0,58524105.199999966,221385522.4306001,350458617.6000004,380933280.0,294241174.0805473,168978614.84567007,128643587.75914995,199773884.84482065,2106147.9712399994,30295035.16744998,33812057.2817775,00:06:52,sets_SA_20231108_0857
119498113.988,69877108.063,19709665.0,145074535.287,1,2.7005511423794264,5.591631003594236,0.1648094533223885,48968.0,185236.6,100000.0,100000.0,49858.405,56000.0,0.0,25659.335,200000.0,268577605.0487748,59757500.0,58524105.199999966,221385522.4306001,350458617.6000004,380933280.0,294241174.0805473,69007814.5103419,279208460.12783736,181395225.5569704,0.0,185768.7916,37913545.382520005,00:05:57,sets_SA_20231108_0857
111092561.51000002,90504568.15,20924817.0,25689611.39,1,2.089727674934856,22.64159968480929,0.740513594968536,48968.0,185236.6,100000.0,100000.0,70825.411,56000.0,20512.557,40000.0,200000.0,294692426.7615744,59757500.0,58524105.199999966,221385522.47060013,350458617.6000004,380933280.0,294241174.0764674,38937347.30333995,412772952.3039002,23296458.015869983,1291430.543820001,53499081.23389201,42702696.75642498,00:09:47,sets_SA_20231115_0944
96147235.46,107930529.6,22282224.0,13560368.556,1,0.1093868094980119,4.080277602743589,0.4475582244200343,48968.0,185236.6,100000.0,87845.356,38666.584,14851.156,38000.0,40000.0,86132.949,311736945.9855796,59757500.0,58524105.199999966,221385522.4306001,350458617.6000004,380933280.0,258477207.8438815,124218850.4341097,301315273.6803624,64003.3616,16773993.528310006,87425149.4830261,31514643.24504793,00:10:52,sets_SA_20231115_0944
108680272.8,126792056.0,18683970.0,37100901.8,1,0.2807598225767367,20.406765930029536,0.4466933090368149,48968.0,185236.6,100000.0,100000.0,37830.19,43476.084,38000.0,40000.0,200000.0,259698854.6207451,59757500.0,58524105.199999966,221385522.4306001,350458617.6000004,380933280.0,294241174.0805473,96721597.5722202,196859749.9632821,9467013.295140002,60044047.02976022,166704861.49362004,44539751.66502198,00:08:13,sets_SA_20231115_0944
82980580.93,107102332.95,28176259.0,4719595.765,1,0.22739952398814,1.5011792861438993,0.2148003456005776,48968.0,185236.6,100000.0,17910.577,41730.325,11787.416,38000.0,40000.0,34000.0,376438845.5784737,59757500.0,58524105.199999966,221385522.4906001,350458617.6000004,380933280.0,52700292.7063612,145242743.63792017,348198284.49236673,44485.1178,1654518.0588900002,34657241.06267998,16208175.881274885,00:06:40,sets_SA_20231115_0944
100218101.69,87009762.374,24380961.0,617145.304,1,0.5151753255244145,2.646868435496636,1.739735067170045,48968.0,185236.6,100000.0,93095.498,68121.265,0.0,23396.475,40000.0,83439.407,329982617.1820604,59757500.0,58524105.199999966,221385522.4906001,350458617.6000004,380933280.0,273925287.2598122,64387340.25631996,460622485.166986,0.0,145740.95710000003,4641704.382700001,28886928.93946995,00:06:25,sets_SA_20231115_0944
108361750.909,118415664.0,19280526.0,23975961.8411,1,0.2727360208227802,15.720453037816233,0.9714663685770892,48968.0,185236.6,100000.0,100000.0,49234.324,4283.4165,38000.0,40000.0,200000.0,270519405.07947505,59757500.0,58524105.199999966,221385522.4306001,350458617.6000004,380933280.0,294241174.0805473,72094791.98791024,273586138.2963032,7517.572870000001,47424077.254559934,136684745.67286995,44082896.96177997,00:06:05,sets_SA_20231115_0944
117025273.277,73415861.66000001,19229258.0,171930139.304,1,0.8388633365002683,6.972510461708268,0.0162899979529864,48968.0,185236.6,100000.0,100000.0,28672.166,56000.0,6845.5744,40000.0,170000.0,266278764.28544912,59757500.0,58524105.199999966,221385522.4306001,350458617.6000004,380933280.0,294241174.0805473,132315879.07717068,168621856.20912766,212349103.7474801,372582.9003399998,16137849.40058,40855126.43769998,00:05:59,sets_SA_20231115_0944
108628733.81,83567526.74,22904417.0,1151336.482,1,1.1716873955085596,7.70594350189371,0.7050572515759542,48968.0,185236.6,100000.0,100000.0,69481.44,0.0,22036.3,40000.0,200000.0,312693846.04898983,59757500.0,58524105.199999966,221385522.47060013,350458617.6000004,380933280.0,294241174.0771071,57577651.376184,463291800.246897,0.0,353001.74121000007,8574815.318990001,41678726.532464,00:05:44,sets_SA_20231115_0944
105804046.99,86040813.81,22901919.0,2081170.42,1,0.1543225607499385,8.435934168113969,2.076345042894056,48968.0,185236.6,100000.0,100000.0,65192.794,0.0,26324.946,40000.0,163371.35,315093998.7926311,59757500.0,58524105.199999966,221385522.47060013,350458617.6000004,380933280.0,294241174.0771071,66637542.54529998,447058264.1364309,0.0,1470138.2930000008,14631323.134230005,41365761.89491899,00:05:18,sets_SA_20231115_0944
103155488.10000002,149434276.0,18667620.0,55067934.0,1,0.0,10.344965620421124,0.0913469247123124,48968.0,185236.6,100000.0,100000.0,0.0,53517.74,38000.0,40000.0,176168.94,258791752.0403952,59757500.0,58524105.199999966,221385522.4306001,350458617.6000004,380933280.0,294241174.0805473,197350026.24186027,0.0,17622054.503437974,79003045.1258403,235822143.7726301,42683824.93420603,00:06:38,sets_SA_20231115_0944
86095285.56,106533544.2,26342146.0,6813175.318,1,0.2312799421030623,2.239089237539005,0.2068618803575193,48968.0,185236.6,100000.0,33502.253,41190.359,12327.381,38000.0,40000.0,51000.0,358311066.25073826,59757500.0,58524105.199999966,221385522.47060013,350458617.6000004,380933280.0,98577422.88219966,137350488.08751905,339927153.8817831,47724.9104,3524745.808879996,48947155.82856999,22285153.76551402,00:06:52,sets_SA_20231115_0944
103890411.09,118256729.0,19789804.0,22995710.705,1,0.1616668128402169,8.212242615278216,0.5525940994053453,48968.0,185236.6,100000.0,100000.0,39742.722,13775.018,38000.0,40000.0,155093.33,278257998.8805241,59757500.0,58524105.199999966,221385522.4906001,350458617.6000004,380933280.0,294241174.0843274,102055221.74468432,251154154.2423108,56470.39556,39665321.02147991,136866102.47565004,40723958.35896996,00:06:17,sets_SA_20231115_0944
108414586.0,96513049.1,21096252.0,9713947.4,1,0.5775373367001813,15.545024924441709,1.6848157775873085,48968.0,185236.6,100000.0,100000.0,63552.912,0.0,38000.0,40000.0,200000.0,296467593.93832445,59757500.0,58524105.199999966,221385522.47060013,350458617.6000004,380933280.0,294241174.0771071,53396069.203460105,401683243.8026012,0.0,16787008.415169995,57930947.619129896,43451139.069017954,00:05:59,sets_SA_20231115_0944
79413843.67,119967091.8,28322235.0,18017700.99,1,0.1968484560488413,1.128011983277664,0.0,48968.0,185236.6,100000.0,5816.1639,26225.513,27292.227,38000.0,40000.0,23529.412,379591852.3814631,59757500.0,58524105.199999966,221385522.47060013,350458617.6000004,380933280.0,17113549.023180176,209538647.77466983,227213380.00301704,8991974.128819983,1169776.3001,82883494.42765284,11864337.67834406,00:06:46,sets_SA_20231115_0944
96688134.561,85006928.9829,24266540.0,109952538.1851,1,1.054975150574642,0.0,0.0,48968.0,185236.6,100000.0,51376.101,30456.304,56000.0,5061.4365,40000.0,47058.824,325987426.8121543,59757500.0,58524105.199999966,221385522.4306001,350458617.6000004,380933280.0,151169642.3877114,134712532.31078988,256752251.1654628,137343508.31674,10583.94024,978397.0712,15495569.530931,00:06:48,sets_SA_20231115_0944
109327351.9,106257421.5,19876382.0,23152350.9,1,1.0191407016025211,15.028974174326883,0.387017351313462,48968.0,185236.6,100000.0,100000.0,58223.759,38001.161,38000.0,40000.0,200000.0,281152874.2451143,59757500.0,58524105.199999966,221385522.47060013,350458617.6000004,380933280.0,294241174.0771071,56686803.67423999,337289280.1070662,8212594.940930008,27800480.701779984,99808109.61197,43066342.476812944,00:06:03,sets_SA_20231115_0944
91097907.779,90667367.11549,25994731.0,81639299.36793,1,0.927715856201913,0.0,0.0,48968.0,185236.6,100000.0,33449.25,33370.967,56000.0,2146.7733,40000.0,34000.0,347972343.36918163,59757500.0,58524105.199999966,221385522.47060013,350458617.6000004,380933280.0,98421466.98417547,140972185.87113035,286084060.6274169,101971310.46904096,3143.6142,766570.6119000001,11883826.701840006,00:06:55,sets_SA_20231115_0944
103966706.105,110621054.2,20326879.0,18049085.243,1,0.0007326546825501,8.751020023172027,1.0613529371773878,48968.0,185236.6,100000.0,100000.0,45320.999,8196.7408,38000.0,40000.0,155389.67,286796195.10121465,59757500.0,58524105.199999966,221385522.47060013,350458617.6000004,380933280.0,294241174.0771071,90327323.7809962,300740931.05527896,24299.9076,30615771.04328996,108088942.6258598,40927422.54302001,00:06:27,sets_SA_20231115_0944
90549494.277,91264715.27435,26168108.0,76969098.68057,1,0.9099567223661896,0.0,0.0,48968.0,185236.6,100000.0,32423.487,33572.656,56000.0,1945.0838,40000.0,34000.0,350281989.5054514,59757500.0,58524105.199999966,221385522.47060013,350458617.6000004,380933280.0,95403248.99162494,144995945.13019,287911133.92716914,96132929.13367018,2740.23522,754519.0915999997,11879312.392211003,00:06:21,sets_SA_20231115_0944
100605901.45,115905095.4,20489494.0,20527346.068,1,0.0,6.15224552309732,0.6815102774054896,48968.0,185236.6,100000.0,100000.0,36495.99,17021.75,38000.0,40000.0,117647.06,288584534.76688457,59757500.0,58524105.199999966,221385522.4906001,350458617.6000004,380933280.0,294241174.0843274,119012413.11338022,253188327.28044763,80773.82982000001,32635265.00959996,124880489.9182998,37133475.045546,00:06:37,sets_SA_20231115_0944
79187692.13999999,172169670.0,24477282.0,45591002.6,1,0.0,2.1681191088967555,0.0410308982425626,48968.0,185236.6,100000.0,0.0,0.0,53517.74,38000.0,40000.0,42853.973,334488462.06779206,59757500.0,58524105.199999966,221385522.4306001,350458617.6000004,380933280.0,0.0,198656122.05766,0.0,3776009.2465800014,75565109.3903503,251800028.96556985,19989724.81274808,00:06:33,sets_SA_20231115_0944
101279436.70999998,122851624.0,19872240.0,26422913.6,1,0.2250686761469333,6.236104009684263,0.1923491624006358,48968.0,185236.6,100000.0,100000.0,31468.437,22049.303,38000.0,40000.0,126333.3,279090180.4501976,59757500.0,58524105.199999966,221385522.4306001,350458617.6000004,380933280.0,294241174.0805473,131188193.84339958,203457951.0238416,1583746.48037,41923542.10454,151643838.17116,37768535.206009984,00:06:49,sets_SA_20231115_0944
101912143.02,87393265.59,23453349.0,2094737.394,1,0.6404698399146525,3.878652727737741,0.3053728705038186,48968.0,185236.6,100000.0,100000.0,58288.939,0.0,33228.801,40000.0,117647.06,320254922.6958003,59757500.0,58524105.199999966,221385522.47060013,350458617.6000004,380933280.0,294241174.0771071,86084356.12916985,427474042.5639156,0.0,741603.0752000001,15497266.718120009,34686875.43266999,00:06:06,sets_SA_20231115_0944
117457016.84,76796075.96,19880695.0,96487365.77,1,2.66767571737331,26.51528271224477,0.6765763381284597,48968.0,185236.6,100000.0,100000.0,67976.463,56000.0,20512.557,40000.0,200000.0,280731352.8050288,59757500.0,58524105.199999966,221385522.4306001,350458617.6000004,380933280.0,294241174.0805473,38519526.645349935,358112196.486398,118254849.0589498,1179201.3130600003,13731495.297730012,42591109.13971997,00:05:33,sets_SA_20231115_0944
106401143.23,83084109.42999999,23499531.0,394535.131,1,1.4258362046174828,3.351667923454936,1.1559470423169669,48968.0,185236.6,100000.0,100000.0,73397.183,0.0,18120.557,40000.0,152332.19,316568791.0401599,59757500.0,58524105.199999966,221385522.4906001,350458617.6000004,380933280.0,294241174.0843274,52035367.50561995,474701222.7870206,0.0,90663.0906,2970015.449,34652391.884549975,00:06:01,sets_SA_20231115_0944
101678542.36,83539650.932,23875594.0,14046172.859,1,1.2430995269702203,1.201999031049655,0.1167082854029646,48968.0,185236.6,100000.0,100000.0,53997.498,45647.889,0.0,31872.353,102879.27,320988935.88307977,59757500.0,58524105.199999966,221385522.4306001,350458617.6000004,380933280.0,294241174.0805473,100395894.41758996,411561640.9670352,17513059.943830043,0.0,326673.0656999999,27573521.23040696,00:06:29,sets_SA_20231115_0944
82195472.69000001,132293617.8,25195757.0,21850834.46,1,0.1410152760573118,2.191888663579625,0.0720601532974205,48968.0,185236.6,100000.0,18024.099,20331.695,33186.045,38000.0,40000.0,47058.824,346707675.927698,59757500.0,58524105.199999966,221385522.4306001,350458617.6000004,380933280.0,53034322.03234684,200141472.38521096,165048078.6623176,788666.02006,23086251.24445296,140732800.7389291,21417292.9375226,00:07:04,sets_SA_20231115_0944
119082571.77,76526477.2,18664354.0,185070344.89,1,0.8214463175497183,10.99874781127439,0.0,48968.0,185236.6,100000.0,100000.0,20871.725,56000.0,25664.303,40000.0,200000.0,258979843.4433652,59757500.0,58524105.199999966,221385522.4306001,350458617.6000004,380933280.0,294241174.0805473,155031789.4407344,113273677.2953602,225642049.27521843,4078837.915859995,31770913.11655998,43632647.1044947,00:06:05,sets_SA_20231115_0944
115717941.34800002,73055330.32,20441697.0,103134809.784,1,2.541825200428463,3.888697335100483,0.1929890667725622,48968.0,185236.6,100000.0,100000.0,53218.474,56000.0,0.0,22299.266,200000.0,280855768.5655355,59757500.0,58524105.199999966,221385522.4306001,350458617.6000004,380933280.0,294241174.0805473,63387881.71732989,337323575.08413595,128955859.5705298,0.0,129953.35192,36785872.19266301,00:05:42,sets_SA_20231115_0944
72843673.3,131641384.37,37784832.0,6648913.673,1,0.2328021974526055,0.0,0.0,48968.0,28443.004,100000.0,0.0,35560.63,17957.11,38000.0,40000.0,0.0,468125616.0784575,59757500.0,58524105.199999966,33993656.08020199,350458617.6000004,380933280.0,0.0,183429727.33517897,305142438.40197414,1995284.223130001,545109.1452000003,38684708.13847002,0.0,00:06:59,sets_SA_20231115_0944
79400099.22999999,114033035.17,29866690.0,5762872.69,1,0.0,1.4255603911404364,0.5196310418755278,48968.0,185236.6,100000.0,0.0,37963.415,15554.325,38000.0,40000.0,23529.412,395307119.8439438,59757500.0,58524105.199999966,221385522.4306001,350458617.6000004,380933280.0,0.0,162626435.73026925,322869987.2434185,68925.5411,2382086.594959998,41849831.571790025,12095557.765713004,00:07:06,sets_SA_20231115_0944
89606785.13,143536898.0,21787351.0,33002207.89,1,0.0,3.941449247506524,0.258257773648513,48968.0,185236.6,100000.0,54421.987,11409.663,42108.078,38000.0,40000.0,75048.942,302823124.4360857,59757500.0,58524105.199999966,221385522.4306001,350458617.6000004,380933280.0,160131893.3880261,204129102.9899304,75800294.85926765,767276.3994000001,56591739.92723102,192508858.5658157,29540554.08564,00:07:20,sets_SA_20231115_0944
102211436.248,100269722.2,21538171.0,11004484.310000002,1,0.4366160599285589,5.747885411411048,0.267470964905512,48968.0,185236.6,100000.0,100000.0,48480.29,5037.4497,38000.0,40000.0,136000.0,301841645.45921093,59757500.0,58524105.199999966,221385522.4306001,350458617.6000004,380933280.0,294241174.0805473,90616021.96146975,354654663.2256784,67332.55824999999,13717750.330759997,70741499.90202995,38066082.09690998,00:06:30,sets_SA_20231115_0944
76628966.10000002,134956528.0,28700904.0,18445823.9,1,0.0865139695798093,1.0465986731362449,0.0801405166643502,48968.0,185236.6,100000.0,0.0,15819.443,37698.297,38000.0,40000.0,9953.461,381650764.7441999,59757500.0,58524105.199999966,221385522.4306001,350458617.6000004,380933280.0,0.0,253329057.94092065,136678116.22405136,531045.67513,16506948.542079989,122752103.67527004,5408864.578623838,00:07:04,sets_SA_20231115_0944
104474388.49,79789788.17,22179697.0,67069449.482,1,0.8270981919022271,2.449418909098055,0.0544482444553058,48968.0,185236.6,100000.0,100000.0,42765.943,56000.0,0.0,32751.797,101561.93,306487922.8477853,59757500.0,58524105.199999966,221385522.4306001,350458617.6000004,380933280.0,294241174.0805473,109203190.9972495,336377540.42607856,83809114.78423592,0.0,407424.02673,30006451.33945256,00:06:28,sets_SA_20231115_0944
88472590.82810003,93601216.89019,26936095.0,64342240.56161,1,0.8677655679046699,0.0,0.0,48968.0,185236.6,100000.0,28150.686,34041.314,56000.0,1476.4265,40000.0,27085.614,359296395.3867351,59757500.0,58524105.199999966,221385522.4306001,350458617.6000004,380933280.0,82830909.1205693,156093137.9044499,292628602.98923653,80346825.67760007,1802.92063,726903.46402,9832160.518064048,00:06:31,sets_SA_20231115_0944
120321515.468,72767161.07000001,19271424.0,138541270.111,1,2.8072560000960323,24.01508081204022,0.4133073583263154,48968.0,185236.6,100000.0,100000.0,59469.442,56000.0,7032.4663,40000.0,200000.0,268761419.7873351,59757500.0,58524105.199999966,221385522.4306001,350458617.6000004,380933280.0,294241174.0805473,48106585.97789995,298884206.8745611,171418895.01667005,372689.35225999984,11014891.481160011,42742451.04495596,00:05:43,sets_SA_20231115_0944
80805632.16999999,115380859.18,27982950.0,16679363.82,1,0.2369196510306773,1.2657327860539542,0.0,48968.0,185236.6,100000.0,12481.675,29848.533,25968.687,35700.52,40000.0,24028.281,375335023.6713393,59757500.0,58524105.199999966,221385522.4306001,350458617.6000004,380933280.0,36726227.98291864,192911879.79507023,257046219.50386545,9532871.9982,972195.6397599996,69334099.36759503,12051736.823021842,00:06:32,sets_SA_20231115_0944
93244426.86,112472034.5,22754490.0,15011993.51,1,0.0,4.028124549753766,0.5816398895311513,48968.0,185236.6,100000.0,70889.691,36060.357,17457.383,38000.0,40000.0,81003.997,318158546.65424305,59757500.0,58524105.199999966,221385522.4306001,350458617.6000004,380933280.0,208586659.2218093,133459266.3117299,281018188.65588963,84694.52856,19308633.790569995,95926487.37579022,30803327.95926701,00:07:06,sets_SA_20231115_0944
68678190.99,170179854.9,37339308.0,26556717.9,1,0.0269730898965553,0.0,0.0,48968.0,0.0,100000.0,0.0,0.0,53517.74,38000.0,40000.0,0.0,463916710.3744162,59757500.0,58524105.199999966,0.0,350458617.6000004,380933280.0,0.0,335594609.04715973,0.0,2058762.9281999995,30828759.19319,161315138.4993306,0.0,00:05:48,sets_SA_20231115_0944
112599884.122,72574829.3095,20316693.0,162625393.9913,1,0.951312328503321,2.6505616791872386,0.0,48968.0,185236.6,100000.0,100000.0,28366.226,56000.0,7151.5139,40000.0,113590.64,277884012.9617045,59757500.0,58524105.199999966,221385522.4306001,350458617.6000004,380933280.0,294241174.0805473,142642411.13574964,182704161.89085183,203166789.1745204,19073.77311,1264832.63117,31838978.62035499,00:06:41,sets_SA_20231115_0944
77023767.70000002,155659882.0,26367508.0,34819520.4,1,0.0872182925264606,1.3162321846988456,0.0,48968.0,185236.6,100000.0,0.0,2647.7906,50869.95,38000.0,40000.0,21452.06,356661283.6303469,59757500.0,58524105.199999966,221385522.4306001,350458617.6000004,380933280.0,0.0,259908833.91690043,22216049.60896339,4024160.790489999,41553794.23239,202094431.09149024,11121031.454865064,00:06:48,sets_SA_20231115_0944
104222838.29999998,81490332.3,22452703.0,42501815.33,1,0.6698235927267684,3.79720230758252,0.1034504853027231,48968.0,185236.6,100000.0,100000.0,49294.938,56000.0,0.0,26222.802,117647.06,311346758.6817952,59757500.0,58524105.199999966,221385522.4306001,350458617.6000004,380933280.0,294241174.0805473,98366446.10007408,376485583.6716437,52807046.83237,0.0,2138193.8751399983,34467429.207468,00:06:17,sets_SA_20231115_0944
102340322.09,85265490.82,21631538.0,137645918.04,1,0.2804983371197845,3.1757794778627773,0.0,48968.0,185236.6,100000.0,69864.025,24238.042,56000.0,11279.698,40000.0,74000.64,302998778.5381198,59757500.0,58524105.199999966,221385522.4306001,350458617.6000004,380933280.0,205568727.68025,162780284.31839892,173455965.14294538,168015618.5990304,974317.0864899986,24571086.91039997,28359497.635580964,00:06:54,sets_SA_20231115_0944
99867446.63,111221755.8,21004959.0,17265241.5,1,0.0121310493221885,5.485272205923465,0.6764728776913655,48968.0,185236.6,100000.0,100000.0,38292.228,15225.512,38000.0,40000.0,110098.05,295734224.30402446,59757500.0,58524105.199999966,221385522.4306001,350458617.6000004,380933280.0,294241174.0805473,117985760.44447926,279154663.68946004,66623.8516,25221051.675939977,107369168.4832651,35934001.564407,00:06:44,sets_SA_20231115_0944
97602638.04000002,141460611.0,19866526.0,36213536.3,1,0.0,5.417151096547004,0.2196274055839184,48968.0,185236.6,100000.0,97638.076,8523.5911,44994.149,38000.0,40000.0,102000.0,276398134.89838827,59757500.0,58524105.199999966,221385522.4306001,350458617.6000004,380933280.0,287291421.86056376,207742003.7150097,53291751.8569891,1852878.95512,65503732.92419026,201406902.3109932,34763229.19584601,00:06:48,sets_SA_20231115_0944
80911916.6,163577639.0,23836463.0,48468686.2,1,0.0658277298304329,2.3887152739985096,0.0,48968.0,185236.6,100000.0,7162.6865,0.0,53517.74,38000.0,40000.0,47058.824,327874651.2132553,59757500.0,58524105.199999966,221385522.4306001,350458617.6000004,380933280.0,21075572.970117155,217236499.97464016,0.0,11677106.742850002,70052160.6511601,230831502.27612,21559777.596664004,00:06:28,sets_SA_20231115_0944
69407144.26,178549072.0,34594087.0,34304199.7,1,0.0,0.5997844945006836,0.0492916636343226,48968.0,14889.376,100000.0,0.0,0.0,53517.74,38000.0,40000.0,0.0,436812324.948246,59757500.0,58524105.199999966,17795037.658716008,350458617.6000004,380933280.0,0.0,275839420.5322905,0.0,2058762.9281999995,40510807.85909001,211388278.3496402,0.0,00:06:00,sets_SA_20231115_0944
91862163.47,154972766.0,20783814.0,43522125.3,1,0.0,4.460357668275437,0.1345551890589698,48968.0,185236.6,100000.0,66015.315,0.0,53517.74,38000.0,40000.0,90807.35,287803331.4463389,59757500.0,58524105.199999966,221385522.4306001,350458617.6000004,380933280.0,194244238.8962841,218025839.5993583,0.0,4410369.243270003,75410710.87395039,231950349.9301302,32727227.41307287,00:06:09,sets_SA_20231115_0944
112677012.69,107558864.3,18642521.0,73976835.94,1,0.7385482501747265,21.911608759845308,0.2344401040233321,48968.0,185236.6,100000.0,100000.0,48299.447,56000.0,38000.0,40000.0,200000.0,260384052.8850652,59757500.0,58524105.199999966,221385522.4306001,350458617.6000004,380933280.0,294241174.0805473,68885912.6107899,236794297.03271312,67204248.17227033,6585884.6127700005,150326927.08703002,44176183.74756996,00:05:46,sets_SA_20231115_0944
77239049.03799999,116346447.68,33439066.0,2884271.617,1,0.034671018694046,0.8035215630160124,0.7050255594734892,48968.0,122999.67,100000.0,0.0,46817.87,6699.8705,38000.0,40000.0,0.0,425740691.4021728,59757500.0,58524105.199999966,147003056.4366497,350458617.6000004,380933280.0,0.0,129482475.57078987,378041111.1860153,17137.6762,941911.5429,21314635.68883001,0.0,00:06:24,sets_SA_20231115_0944
78669165.92,165463557.0,24912700.0,40112695.0,1,0.0,2.105976563581878,0.1208449162757341,48968.0,185236.6,100000.0,0.0,0.0,53517.74,38000.0,40000.0,40631.97,340494121.80387855,59757500.0,58524105.199999966,221385522.4306001,350458617.6000004,380933280.0,0.0,231837673.73946008,0.0,2058762.9281999995,65931433.12407006,229969399.87549984,19323175.66364499,00:06:05,sets_SA_20231115_0944
82140495.46,144727490.0,24331694.0,29360406.970000003,1,0.0,2.730863071586251,0.2667529466254392,48968.0,185236.6,100000.0,15990.916,12725.127,40792.614,38000.0,40000.0,51000.0,335639026.3821897,59757500.0,58524105.199999966,221385522.4306001,350458617.6000004,380933280.0,47051859.22353189,210633211.4285504,96550474.59014128,690078.4975799999,42211080.14227997,179712428.04426992,23062923.56873,00:06:58,sets_SA_20231121_1545
112161187.89,100953177.7,19280207.0,56179692.17,1,1.1659634661152372,18.321869118435263,0.358685063425844,48968.0,185236.6,100000.0,100000.0,58358.666,56000.0,29397.474,40000.0,200000.0,272586700.380205,59757500.0,58524105.199999966,221385522.4306001,350458617.6000004,380933280.0,294241174.0805473,54395299.35086997,305731990.05974334,51145182.87208998,4157123.8589399937,114367674.58689004,43165722.54074097,00:05:48,sets_SA_20231121_1545
108395346.024,80398277.009,22859850.0,16355925.2458,1,2.239500845066533,2.8029355027864256,0.2455291863756406,48968.0,185236.6,100000.0,100000.0,62202.083,52890.379,0.0,16425.277,188235.29,309150399.9580399,59757500.0,58524105.199999966,221385522.47060013,350458617.6000004,380933280.0,294241174.0764674,68818145.02623007,440461300.7493598,20441929.051320054,0.0,75893.16105,35787797.90808496,00:05:43,sets_SA_20231121_1545
110724045.069,79264507.8188,22178037.0,27539927.1372,1,2.3106879723227567,7.562842946224324,0.3819212097000763,48968.0,185236.6,100000.0,100000.0,67164.333,56000.0,0.0,8353.4075,200000.0,304839118.14813846,59757500.0,58524105.199999966,221385522.47060013,350458617.6000004,380933280.0,294241174.0771071,51725338.77856999,443610417.8456788,34436430.877750024,0.0,25083.2411,39039416.58333802,00:05:48,sets_SA_20231121_1545
91249754.27,95075342.221,26378602.0,1258260.002,1,0.1608360008554679,2.7237343293046727,1.318295842973684,48968.0,185236.6,100000.0,45362.055,59196.18,0.0,32321.56,40000.0,67624.583,356148808.6939512,59757500.0,58524105.199999966,221385522.47060013,350458617.6000004,380933280.0,133473843.95804328,88253843.49984004,431784448.902019,0.0,339354.12,9419621.635000018,27480779.32429292,00:06:08,sets_SA_20231121_1545
75602414.83,127673576.78,31278482.0,17735972.037,1,0.1475635424445002,0.6222643500304557,0.0,48968.0,148571.83,100000.0,0.0,21733.016,31784.724,38000.0,40000.0,0.0,405788370.4934732,59757500.0,58524105.199999966,177565624.2788702,350458617.6000004,380933280.0,0.0,244416721.6469892,189659787.86291823,8062562.704499991,706355.2253000002,86951841.4132001,0.0,00:06:53,sets_SA_20231121_1545
114477621.5,80298988.7,20460693.0,67189556.29,1,1.7287841886519264,20.073093925113504,0.5501036231684,48968.0,185236.6,100000.0,100000.0,67220.646,56000.0,20705.513,40000.0,200000.0,289149849.1885888,59757500.0,58524105.199999966,221385522.4306001,350458617.6000004,380933280.0,294241174.0805473,43162468.50573002,385804731.0489065,80785890.46387002,1699833.775850002,18344345.127370004,42778395.26644636,00:05:42,sets_SA_20231121_1545
108211924.37,79896464.8,20629171.0,105368999.6,1,0.4645694762541154,4.603378003934949,0.0489971190517916,48968.0,185236.6,100000.0,100000.0,37356.312,56000.0,0.0,40000.0,117647.06,290499834.7972388,59757500.0,58524105.199999966,221385522.4306001,350458617.6000004,380933280.0,294241174.0805473,115344425.623632,268180597.56460565,128988151.77956404,0.0,17284093.281989023,35528000.54646817,00:06:13,sets_SA_20231121_1545
87546130.88210002,94681950.15217,27301778.0,59538364.01145,1,0.844876996888626,0.0,0.0,48968.0,185236.6,100000.0,25797.209,34303.373,56000.0,1214.3675,40000.0,23529.412,363467729.7436096,59757500.0,58524105.199999966,221385522.4306001,350458617.6000004,380933280.0,75906010.53270192,159723829.7045102,295018075.48790187,74341688.52891,1278.8026,712400.1541999996,8806305.466528015,00:06:27,sets_SA_20231121_1545
89721863.33,96116720.89,26921524.0,1293936.157,1,0.5115155396200364,1.4885601705258114,0.5601776123782067,48968.0,185236.6,100000.0,42843.377,58811.353,0.0,32706.387,40000.0,49646.871,359883896.94053054,59757500.0,58524105.199999966,221385522.47060013,350458617.6000004,380933280.0,126062856.5614106,89384005.19474036,430377655.2739772,0.0,350514.123,9685095.7464,19841338.84952597,00:06:25,sets_SA_20231121_1545
74791727.595,125308732.78,37258579.0,2468440.5297000003,1,0.2431563026105921,0.0,0.4021328939283921,48968.0,40614.762,100000.0,0.0,49301.73,4216.0104,38000.0,40000.0,0.0,463305076.75363696,59757500.0,58524105.199999966,48540732.34036085,350458617.6000004,380933280.0,0.0,120213280.07241,390481510.8680279,7315.35464,766899.2859199998,18328265.68195001,0.0,00:06:17,sets_SA_20231121_1545
106320963.79699998,76959858.27340001,21577076.0,146925005.7928,1,0.879693687406113,1.48746337165813,0.0,48968.0,185236.6,100000.0,84252.739,28274.033,56000.0,7243.7067,40000.0,76748.538,294836405.58156,59757500.0,58524105.199999966,221385522.4306001,350458617.6000004,380933280.0,247906247.0851596,146213417.87347004,198842591.85281795,183546841.9163215,19534.737070000003,1174880.4994900003,24039977.189919,00:06:33,sets_SA_20231121_1545
111736558.54000002,97049984.19,19789991.0,46067074.94,1,1.421577550728438,19.404312733940124,0.4625911667105311,48968.0,185236.6,100000.0,100000.0,62488.603,56000.0,25664.303,40000.0,200000.0,280272671.84299874,59757500.0,58524105.199999966,221385522.4306001,350458617.6000004,380933280.0,294241174.0805473,48653397.958570056,343610687.89820564,42246490.78055001,3224078.151139998,92062615.56107996,43012340.90995999,00:05:41,sets_SA_20231121_1545
104362984.64000005,128460342.0,19232106.0,29542656.11,1,0.0,9.804253488186625,0.546317542233151,48968.0,185236.6,100000.0,100000.0,28290.211,25227.529,38000.0,40000.0,169598.6,268095164.342345,59757500.0,58524105.199999966,221385522.4306001,350458617.6000004,380933280.0,294241174.0805473,136048666.66775194,168373030.89973804,304496.21329999994,57296920.238290206,167774157.33305007,42449507.56618001,00:06:20,sets_SA_20231121_1545
70472825.36000001,144663817.6,39148439.0,10135263.84,1,0.1092197332361393,0.0,0.0261616818855637,48968.0,0.0,100000.0,0.0,21945.965,31571.775,38000.0,40000.0,0.0,481182008.338163,59757500.0,58524105.199999966,0.0,350458617.6000004,380933280.0,0.0,260816336.8733,192246653.40002564,318557.4734,7601322.9907,68814400.59727989,0.0,00:06:07,sets_SA_20231121_1545
71055810.08,142152723.2,39957199.0,7671614.42,1,0.0,0.0,0.2764694726224377,48968.0,0.0,100000.0,0.0,28064.266,25453.474,38000.0,40000.0,0.0,489546208.0524072,59757500.0,58524105.199999966,0.0,350458617.6000004,380933280.0,0.0,225842727.7012904,245515353.8530174,182063.2917,4628523.354570002,53628598.705250025,0.0,00:06:09,sets_SA_20231121_1545
110619452.3,121029180.0,18681833.0,39683480.9,1,0.778468301987548,22.633244941177903,0.306949599198818,48968.0,185236.6,100000.0,100000.0,49533.831,54899.884,38000.0,40000.0,200000.0,261310307.77028003,59757500.0,58524105.199999966,221385522.4306001,350458617.6000004,380933280.0,294241174.0805473,66441371.872650266,243829467.54912043,16562991.780549956,54817953.12697019,148145486.07040003,44092672.40496293,00:07:20,sets_SA_20231121_1545
91149469.0,147788735.0,21197476.0,36834329.8,1,0.0,4.254613533811024,0.2007300736453876,48968.0,185236.6,100000.0,61728.911,6617.8797,46899.86,38000.0,40000.0,85000.0,294396468.2342796,59757500.0,58524105.199999966,221385522.4306001,350458617.6000004,380933280.0,181631873.2270033,212353236.97829977,42546560.329829685,1592705.8163000003,66507195.97380015,206797570.55833,31716901.24111099,00:06:53,sets_SA_20231121_1545
107216112.61,121484124.6,18641404.0,94177642.03,1,0.1915140404525112,9.752998918998053,0.0,48968.0,185236.6,100000.0,100000.0,8480.2904,56000.0,38000.0,40000.0,178837.57,258337056.1140152,59757500.0,58524105.199999966,221385522.4306001,350458617.6000004,380933280.0,294241174.0805473,188577573.6164609,43849131.24233541,83256168.59166026,6783964.62918,207330431.5537296,42905665.09130402,00:06:25,sets_SA_20231121_1545
87510223.04699999,100375124.45,26852893.0,3203714.2492,1,0.2724956002157456,2.1265689136830543,0.37557808573142,48968.0,185236.6,100000.0,36813.289,48710.583,4807.1568,38000.0,40000.0,51000.0,361853723.64288425,59757500.0,58524105.199999966,221385522.47060013,350458617.6000004,380933280.0,108319852.612591,117733959.20053992,387269884.0114125,9566.82138,966405.4571800004,23817452.549720053,22063920.864663992,00:06:36,sets_SA_20231121_1545
112225649.04,76774019.008,21386057.0,57720664.1672,1,2.308686587631658,5.854272572954397,0.2645706645493428,48968.0,185236.6,100000.0,100000.0,59225.563,56000.0,0.0,16292.177,200000.0,295211980.37438446,59757500.0,58524105.199999966,221385522.4306001,350458617.6000004,380933280.0,294241174.0805473,58544572.03642997,399006474.33124745,72171396.1730301,0.0,74828.36230000001,37957121.40849999,00:06:00,sets_SA_20231121_1545
106382889.7,119335550.0,19203448.0,33136738.200000003,1,0.4138761183299319,8.800483665844132,0.1373200670727305,48968.0,185236.6,100000.0,100000.0,38306.72,36725.989,38000.0,40000.0,179487.49,270406771.51793486,59757500.0,58524105.199999966,221385522.4306001,350458617.6000004,380933280.0,294241174.0805473,102579554.0947902,228021101.2989249,10802277.23150001,43389141.15384996,145005198.04758015,42067550.42466999,00:06:22,sets_SA_20231121_1545
87525242.22,149904979.0,22149985.0,35992905.510000005,1,0.0,3.7485841413985455,0.2054667635968283,48968.0,185236.6,100000.0,43418.037,6810.0717,46707.668,38000.0,40000.0,70588.235,306882161.3316587,59757500.0,58524105.199999966,221385522.4306001,350458617.6000004,380933280.0,127753743.06138615,214511586.5289311,44869598.71644637,1221806.7811,63738480.81597113,205455796.79008025,28645616.353647,00:06:59,sets_SA_20231121_1545
110314755.957,76096516.115,20277695.0,154863938.408,1,0.5334670437478304,3.449339173505434,0.0,48968.0,185236.6,100000.0,100000.0,26176.215,56000.0,9341.5254,40000.0,99223.126,282489738.3683647,59757500.0,58524105.199999966,221385522.4306001,350458617.6000004,380933280.0,294241174.0805473,152527912.05488935,174823358.9727882,191981530.7829904,167114.90346000003,10297354.725450007,32106741.79499798,00:06:27,sets_SA_20231121_1545
108210111.2,103373411.5,20423577.0,14277011.8,1,0.8763275641255137,14.034049304459504,0.6389701524911509,48968.0,185236.6,100000.0,100000.0,58835.588,0.0,38000.0,40000.0,200000.0,287798528.6137952,59757500.0,58524105.199999966,221385522.4306001,350458617.6000004,380933280.0,294241174.0805473,58615826.82697024,361338227.57992727,0.0,24058791.667959977,85784422.91293,43129812.11149097,00:05:41,sets_SA_20231121_1545
94662381.06,120392954.9,21656044.0,20896345.26,1,0.0002971235604186,4.355463262408985,0.5015099470053288,48968.0,185236.6,100000.0,80018.357,29802.748,23714.992,38000.0,40000.0,85000.0,303731197.35942554,59757500.0,58524105.199999966,221385522.4306001,350458617.6000004,380933280.0,235446952.11507687,149319986.24903905,220253334.2855445,151155.74267999994,29725527.62226998,130347266.0812945,31642112.11011701,00:07:01,sets_SA_20231121_1545
70581197.78,143834961.5,39226441.0,9619563.57,1,0.0,0.0,0.2177908751141993,48968.0,0.0,100000.0,0.0,22945.433,30572.307,38000.0,40000.0,0.0,481770158.62563294,59757500.0,58524105.199999966,0.0,350458617.6000004,380933280.0,0.0,255901976.29510933,201001993.07998672,291571.83564,7049964.086379996,65551765.48144008,0.0,00:06:17,sets_SA_20231121_1545
97474356.34,87298700.9374,25017858.0,7007981.729010001,1,0.8719720343342692,1.248675648366278,0.1812044878579446,48968.0,185236.6,100000.0,83569.205,59518.174,27816.822,4182.7442,40000.0,70588.235,334870987.97412664,59757500.0,58524105.199999966,221385522.47060013,350458617.6000004,380933280.0,245895008.93196765,87312318.12298964,432950559.6120266,8616036.457599996,7215.556,911138.4688,22540443.635783263,00:06:27,sets_SA_20231121_1545
97164317.232,92531328.41,24016382.0,3630388.0969,1,0.392217516284109,2.999573675039694,0.2881621890163467,48968.0,185236.6,100000.0,89532.965,50492.688,3025.0525,38000.0,40000.0,83975.409,328398628.67069227,59757500.0,58524105.199999966,221385522.4906001,350458617.6000004,380933280.0,263442847.30548128,107788371.11833368,393896657.98792666,4900.1726,1417150.7325499991,26690191.30330001,29781326.715420093,00:06:17,sets_SA_20231121_1545
96141515.4,151340079.0,19867623.0,44569922.6,1,0.0,5.2859440806662885,0.1333436810480322,48968.0,185236.6,100000.0,90505.262,0.0,53517.74,38000.0,40000.0,102000.0,275796679.367571,59757500.0,58524105.199999966,221385522.4306001,350458617.6000004,380933280.0,266303746.9009221,218432380.5749404,0.0,6048714.842890004,75581342.11478032,229734832.11066988,34692785.653626025,00:06:15,sets_SA_20231121_1545
92576884.43,125623597.0,21888727.0,23284719.38,1,0.0956886010357364,3.768225815596944,0.2492098706905816,48968.0,185236.6,100000.0,69371.714,26107.739,27410.001,38000.0,40000.0,79242.417,305998816.4439758,59757500.0,58524105.199999966,221385522.4306001,350458617.6000004,380933280.0,204120146.96652243,160264708.92819023,191224157.79916635,218178.17620999995,32424517.83304997,145665704.90984032,30225386.6424239,00:06:49,sets_SA_20231121_1545
120934519.13,76117992.2,18684810.0,157604911.98,1,1.6184660493395828,22.97758303678481,0.2232175497676751,48968.0,185236.6,100000.0,100000.0,49572.975,56000.0,30994.862,40000.0,200000.0,259726752.6398152,59757500.0,58524105.199999966,221385522.4306001,350458617.6000004,380933280.0,294241174.0805473,65799290.003280185,238885593.65004104,191682466.27703,4340116.46539,29089803.051309973,43712182.14911998,00:05:45,sets_SA_20231121_1545
109644058.7,87203925.1,21700598.0,15341062.6,1,1.507076454592147,13.123303304053266,0.4810706622526877,48968.0,185236.6,100000.0,100000.0,68268.26,50482.31,0.0,40000.0,200000.0,302741041.2036051,59757500.0,58524105.199999966,221385522.4906001,350458617.6000004,380933280.0,294241174.0843274,48853955.68586002,433558302.05459535,13773799.112970017,0.0,33611214.14759998,42349387.98811997,00:05:59,sets_SA_20231121_1545
79015803.64,120061755.4,28804188.0,10167425.3,1,0.0,1.6115061925986631,0.4065447191179641,48968.0,185236.6,100000.0,2709.5347,30284.9,23232.84,38000.0,40000.0,24497.151,385333161.3714528,59757500.0,58524105.199999966,221385522.4906001,350458617.6000004,380933280.0,7972566.696373011,191256224.6163669,260601776.5460308,142959.15770000004,6690244.463880006,71106064.7700938,12590226.487736952,00:07:04,sets_SA_20231121_1545
112648750.45000002,78605360.0,20980279.0,59082114.4,1,1.3360750665552017,11.090101308844678,0.3210642894304821,48968.0,185236.6,100000.0,100000.0,61316.709,56000.0,0.0,40000.0,200000.0,294665393.31675446,59757500.0,58524105.199999966,221385522.4306001,350458617.6000004,380933280.0,294241174.0805473,56329101.71758557,392965389.4727235,72616361.47718798,0.0,7886417.1321100015,42179101.94413495,00:06:04,sets_SA_20231121_1545
100385173.47300002,82671196.56040001,22695445.0,122394712.1771,1,0.4980426279753454,2.2026648262541744,0.0,48968.0,185236.6,100000.0,63520.223,27997.839,56000.0,7519.901,40000.0,69910.3,314254269.737063,59757500.0,58524105.199999966,221385522.4306001,350458617.6000004,380933280.0,186902649.9139248,154986973.9587998,218545863.95792857,152447919.81368026,27666.13634,3788845.22914,25782118.167109963,00:06:55,sets_SA_20231121_1545
91502495.15,106712401.9,23958784.0,10371130.561,1,0.1837592892092518,3.1370890421050293,0.2980290016376575,48968.0,185236.6,100000.0,63074.594,39874.372,13643.368,38000.0,40000.0,70588.235,331718898.8413416,59757500.0,58524105.199999966,221385522.4306001,350458617.6000004,380933280.0,185591424.4084561,128844748.7020698,321082860.4020231,55620.8314,9126879.80957,70687158.4036499,27941467.164661,00:07:09,sets_SA_20231121_1545
111414495.91700004,73282098.8531,20530424.0,159354866.202,1,0.9144980302504344,2.2198958553815933,0.0,48968.0,185236.6,100000.0,100000.0,28290.211,56000.0,7227.5294,40000.0,101094.6,280677443.91381514,59757500.0,58524105.199999966,221385522.4306001,350458617.6000004,380933280.0,294241174.0805473,143405894.89746976,186093902.52062508,199088914.75841045,19453.85063,1189105.5313100005,29460176.615744032,00:07:01,sets_SA_20231121_1545
100993185.506,84405534.313,22171995.0,128225767.41,1,0.3517371771077295,2.814148334562093,0.0,48968.0,185236.6,100000.0,65908.56,26487.687,56000.0,9030.0528,40000.0,70588.235,309474137.38143617,59757500.0,58524105.199999966,221385522.4306001,350458617.6000004,380933280.0,193930121.14760283,156580367.77631932,199808707.1707698,157847052.48765013,333195.49846000003,15227944.14640002,27053950.863812,00:07:08,sets_SA_20231121_1545
97839959.6,119292382.9,20875879.0,21714535.25,1,0.1142651077258579,4.488329696205566,0.3100246451190297,48968.0,185236.6,100000.0,96983.486,30284.9,23232.84,38000.0,40000.0,94117.647,293131962.89365005,59757500.0,58524105.199999966,221385522.47060013,350458617.6000004,380933280.0,285365348.9773176,144472830.6980497,218775772.4978818,142959.15770000004,31398174.062819988,135007533.13163993,33134102.731530007,00:06:41,sets_SA_20231121_1545
80339820.98000002,116966594.8,28183945.0,9604062.04,1,0.1419316960019787,1.4559358034210668,0.1637797110630375,48968.0,185236.6,100000.0,10577.23,31314.284,22203.456,38000.0,40000.0,26309.309,377707519.9261206,59757500.0,58524105.199999966,221385522.4306001,350458617.6000004,380933280.0,31122566.682093184,187020142.79175952,269081827.4124258,128803.62797,5362947.641239999,68203545.74468984,13220014.057341078,00:06:40,sets_SA_20231121_1545
93515492.044,88191971.9271,25026927.0,94169160.12347,1,0.8197377763232898,0.5090526958827026,0.0,48968.0,185236.6,100000.0,39323.125,31404.996,56000.0,4112.7436,40000.0,47058.824,338311968.059571,59757500.0,58524105.199999966,221385522.4306001,350458617.6000004,380933280.0,115704825.0351223,146944903.45560718,264321831.3332324,117617637.40767989,7075.5548,905818.4241999995,16025864.629686004,00:06:42,sets_SA_20231121_1545
83060821.10000001,109309584.4,27683799.0,6103611.093,1,0.0,2.149967333732305,0.6014520570774009,48968.0,185236.6,100000.0,14796.673,39933.251,13584.489,38000.0,40000.0,47058.824,374419984.82035583,59757500.0,58524105.199999966,221385522.4306001,350458617.6000004,380933280.0,43537903.57432732,148596334.70015046,334216352.8489603,55267.5604,3160581.9084200026,43768734.824099936,21672254.27059796,00:06:56,sets_SA_20231121_1545
71623096.2000001,143491443.7,35342767.0,14245150.13,1,0.0,0.6457746953360296,0.2251565693572064,48968.0,49599.393,100000.0,0.0,18169.222,35348.518,38000.0,40000.0,1.9408788e-09,446107522.7262424,59757500.0,58524105.199999966,59278714.05937089,350458617.6000004,380933280.0,0.0,263601393.0215904,158306368.91331822,439025.769,10824350.885770008,96626129.12515992,2.1224881517000055e-07,00:06:57,sets_SA_20231121_1545
77264056.38,167377841.0,25633048.0,42411422.3,1,0.0326662447803561,1.41397531229026,0.0,48968.0,185236.6,100000.0,0.0,0.0,53517.74,38000.0,40000.0,19812.785,346185022.733303,59757500.0,58524105.199999966,221385522.4306001,350458617.6000004,380933280.0,0.0,226723416.5176604,0.0,4561145.0703700045,59124491.86616995,239388216.19712976,10244528.245906988,00:06:45,sets_SA_20231121_1545
108403750.379,95785929.39,20417864.0,35502891.005,1,0.6989222024958275,8.559496719907003,0.1964068081027162,48968.0,185236.6,100000.0,100000.0,51292.523,56000.0,4908.8155,40000.0,194332.16,288252965.6826245,59757500.0,58524105.199999966,221385522.4306001,350458617.6000004,380933280.0,294241174.0805473,76175950.42397194,340076493.03216404,31125758.19558994,559199.8706500013,81859866.81081992,42360095.19911997,00:06:03,sets_SA_20231121_1545
112370851.11,79855292.5,21693628.0,33772229.52,1,2.4558277179832366,18.440695857076907,0.7089451671213358,48968.0,185236.6,100000.0,100000.0,73814.295,56000.0,0.0,40000.0,200000.0,302453624.6207152,59757500.0,58524105.199999966,221385522.47060013,350458617.6000004,380933280.0,294241174.0764674,37600848.55597994,445919149.9264936,41458591.45574004,0.0,4818679.02127,42070620.09759996,00:05:36,sets_SA_20231121_1545
93321775.41,153702814.0,20450873.0,43986517.7,1,0.0,4.674663864581208,0.1277956512130489,48968.0,185236.6,100000.0,74649.063,0.0,53517.74,38000.0,40000.0,94117.647,283510125.8008411,59757500.0,58524105.199999966,221385522.4306001,350458617.6000004,380933280.0,219648278.14617664,217938605.4315262,0.0,5087047.941090004,75265396.83133039,231506219.44158003,33325615.214429986,00:06:16,sets_SA_20231121_1545
91583766.57,94007662.336,27024178.0,597793.2119999999,1,0.994487960254162,0.0,0.9224288404671364,48968.0,185236.6,100000.0,47213.823,68499.467,0.0,23018.273,40000.0,45201.14,357044198.1881861,59757500.0,58524105.199999966,221385522.4306001,350458617.6000004,380933280.0,138922508.41830522,63452661.415290006,461707217.2940066,0.0,139658.52840000004,4497731.244700002,14977642.149548035,00:06:11,sets_SA_20231121_1545
93319718.41,144881771.0,20728948.0,36324472.6,1,0.0161222808616908,4.481981039944176,0.1857227876171425,48968.0,185236.6,100000.0,73230.511,7577.2409,45940.499,38000.0,40000.0,91791.005,288483346.2093688,59757500.0,58524105.199999966,221385522.4306001,350458617.6000004,380933280.0,215474313.95858395,211619829.80418,48329939.53627219,1811577.3791,65344194.57300028,202691728.24103025,33008755.83852592,00:06:56,sets_SA_20231121_1545
86708873.23000002,120395824.07,24051792.0,50316770.1,1,0.2229068614052162,2.4070494162635416,0.0,48968.0,185236.6,100000.0,31170.777,22166.914,56000.0,13350.826,40000.0,51000.0,333502266.8977461,59757500.0,58524105.199999966,221385522.4306001,350458617.6000004,380933280.0,91717259.53223388,181607211.2041593,173490538.50751787,41469370.71980078,818933.7723500001,132411212.06633715,22360608.484196004,00:06:48,sets_SA_20231121_1545
110283421.22700004,76663799.802,21252163.0,73662030.624,1,1.3781441218529036,4.452968810292248,0.1371358861094762,48968.0,185236.6,100000.0,100000.0,50381.594,56000.0,0.0,25136.146,165719.69,294660411.0157442,59757500.0,58524105.199999966,221385522.4306001,350458617.6000004,380933280.0,294241174.0805473,78396986.33978,359108121.2259074,92085961.86453608,0.0,206200.6751,36795103.09185799,00:05:51,sets_SA_20231121_1545
111853084.67,75814636.15,20919486.0,82237619.125,1,1.274835002581324,5.376680819703039,0.1421700278875114,48968.0,185236.6,100000.0,100000.0,50250.636,56000.0,0.0,25267.104,178660.26,291107712.44421464,59757500.0,58524105.199999966,221385522.4306001,350458617.6000004,380933280.0,294241174.0805473,77537175.59994003,348996054.4054047,102762791.93679398,0.0,501248.3169,38595517.27231501,00:05:46,sets_SA_20231121_1545
116744134.82400002,71348434.40370001,19604280.0,164161933.4673,1,1.0463370001994026,5.698751959128929,0.0257013218860138,48968.0,185236.6,100000.0,100000.0,33599.009,56000.0,1918.7315,40000.0,164705.88,269813595.32618314,59757500.0,58524105.199999966,221385522.4306001,350458617.6000004,380933280.0,294241174.0805473,118947045.86207384,201581399.78272364,204532578.5641399,11298.71293,4724948.636579996,39351171.84373698,00:06:13,sets_SA_20231127_1644
81889771.86999999,159199349.0,23605561.0,43275817.1,1,0.0825704169372453,2.6098659733281764,0.0245829042204479,48968.0,185236.6,100000.0,14251.752,1161.0585,52356.682,38000.0,40000.0,51000.0,325392189.6533506,59757500.0,58524105.199999966,221385522.4306001,350458617.6000004,380933280.0,41934521.38845844,227332619.0671503,8261153.759250676,7497981.393710001,65487760.078370094,221217755.1200876,22841739.972554285,00:07:00,sets_SA_20231127_1644
110372635.13000004,91927005.97,20932106.0,22658946.45,1,1.6901012665111892,19.267161707324647,0.6382042558450745,48968.0,185236.6,100000.0,100000.0,68208.817,47122.573,27182.492,40000.0,200000.0,294668729.9424547,59757500.0,58524105.199999966,221385522.47060013,350458617.6000004,380933280.0,294241174.0764674,43147837.09467999,407741913.03276265,18612049.17557,2436192.3990200018,57859279.05334995,42785027.21814695,00:05:31,sets_SA_20231127_1644
105689225.98,81734634.38,20938104.0,145888314.554,1,0.3487303269026996,3.327299549246021,0.0,48968.0,185236.6,100000.0,82803.368,24257.5,56000.0,11260.24,40000.0,85000.0,293425258.11548126,59757500.0,58524105.199999966,221385522.4306001,350458617.6000004,380933280.0,243641603.3590752,159825956.4338696,169523575.83602005,178982508.53914002,643008.0239499998,20822222.049539987,30392733.99807901,00:06:59,sets_SA_20231127_1644
91470897.61900002,98027914.83,25337388.0,4082262.9193,1,0.1036390255091173,3.200346948539128,0.7393683133870644,48968.0,185236.6,100000.0,56353.817,48874.979,4642.7607,38000.0,40000.0,70588.235,346094971.02358025,59757500.0,58524105.199999966,221385522.47060013,350458617.6000004,380933280.0,165816133.88711953,113282799.56844,384943202.428459,8909.23694,2103058.7592,29459297.56765998,28324539.60544797,00:06:18,sets_SA_20231127_1644
108417198.65299998,78556342.25,20492730.0,150028268.827,1,0.4244737708072068,3.407480067168162,0.0,48968.0,185236.6,100000.0,94514.148,24989.005,56000.0,10528.735,40000.0,93079.278,286770814.5667067,59757500.0,58524105.199999966,221385522.4306001,350458617.6000004,380933280.0,278099537.4569261,157257361.29876006,171695526.34852344,185079199.1376024,397385.9522799997,15367799.264850007,31563211.11259801,00:06:38,sets_SA_20231127_1644
69546977.94999999,153933570.9,38536512.0,15864795.96,1,0.0804312000126707,0.0,0.0,48968.0,0.0,100000.0,0.0,11683.842,41833.899,38000.0,40000.0,0.0,475511299.8724808,59757500.0,58524105.199999966,0.0,350458617.6000004,380933280.0,0.0,308837982.2284216,102326831.29297905,750477.0257000001,15715734.506349996,102166248.84004974,0.0,00:06:16,sets_SA_20231127_1644
106154321.70000002,100342206.2,20947123.0,11807882.1,1,0.0,10.241086490222152,1.5509500757072725,48968.0,185236.6,100000.0,100000.0,53517.74,0.0,38000.0,40000.0,184660.95,295065330.7212044,59757500.0,58524105.199999966,221385522.4906001,350458617.6000004,380933280.0,294241174.0843274,75531595.27159433,363451752.0816078,0.0,20637831.283409983,70176090.60072999,42950371.5777437,00:05:46,sets_SA_20231127_1644
96450674.313,99450880.3,23163737.0,8022649.133,1,0.1670124592579667,3.7966821047043946,0.5074179241388419,48968.0,185236.6,100000.0,87897.329,45044.107,8473.6334,38000.0,40000.0,85103.439,321488477.40941983,59757500.0,58524105.199999966,221385522.47060013,350458617.6000004,380933280.0,258630133.64206025,114067632.1832167,353866551.7646548,25684.3706,7308826.948459995,54528576.16745105,31190116.14068307,00:06:48,sets_SA_20231127_1644
93811228.37,92520328.538,25829154.0,879066.9619999999,1,0.1923272316104654,2.912266407413966,1.6984342538251085,48968.0,185236.6,100000.0,57514.192,63881.802,0.0,27635.938,40000.0,70588.235,349193725.66332823,59757500.0,58524105.199999966,221385522.47060013,350458617.6000004,380933280.0,169230433.63309577,75208873.27653998,447769772.88298464,0.0,222470.9852,6596152.457500001,27982259.56939201,00:06:16,sets_SA_20231127_1644
100556410.53,114298158.51,20061547.0,70375809.94,1,0.2632450563193107,4.133828714856353,0.0025747560863628,48968.0,185236.6,100000.0,96477.376,21391.613,56000.0,14126.127,40000.0,94117.647,281702861.9046375,59757500.0,58524105.199999966,221385522.4306001,350458617.6000004,380933280.0,283876163.3268477,167564113.19567972,138146318.0505432,61878650.17556406,2312500.748540003,159895689.4020802,32544445.742581982,00:07:12,sets_SA_20231127_1644
108625124.617,78877146.638,22170892.0,39706792.357,1,1.856700931721864,3.104349820180253,0.1808402971907625,48968.0,185236.6,100000.0,100000.0,56431.667,56000.0,0.0,19086.073,173823.53,303277103.54830974,59757500.0,58524105.199999966,221385522.4306001,350458617.6000004,380933280.0,294241174.0805473,71243181.82686003,408814803.29415137,49639930.597439975,0.0,99352.73459999998,35255475.61616498,00:05:58,sets_SA_20231127_1644
105172927.152,107448609.8,20421028.0,16255391.9851,1,0.0,9.70998763914455,1.2622186740175638,48968.0,185236.6,100000.0,100000.0,49028.012,4489.7277,38000.0,40000.0,170000.0,288232670.2965283,59757500.0,58524105.199999966,221385522.4306001,350458617.6000004,380933280.0,294241174.0805473,82004338.93712,322811302.5313141,8297.10506,28289900.91643997,96683428.71310988,41955521.69359995,00:05:52,sets_SA_20231127_1644
99948954.1127,90568118.4,23403686.0,3547506.25433,1,0.4018947158581065,3.751934856484242,0.4207564614864465,48968.0,185236.6,100000.0,100000.0,53227.053,290.68675,38000.0,40000.0,98663.332,321420059.37367964,59757500.0,58524105.199999966,221385522.4306001,350458617.6000004,380933280.0,294241174.0805473,98042580.82180998,404275494.1387678,290.68675,1718870.2916000006,25760032.197659977,32903932.653824057,00:06:17,sets_SA_20231127_1644
68804520.58,166547035.7,37591314.0,24162537.7,1,0.040215622096508,0.0,0.0,48968.0,0.0,100000.0,0.0,1876.8635,51640.877,38000.0,40000.0,0.0,466418643.87474096,59757500.0,58524105.199999966,0.0,350458617.6000004,380933280.0,0.0,336081903.51902527,16380519.720503775,1752215.0099200006,27823238.537679978,147759393.03294942,0.0,00:06:01,sets_SA_20231127_1644
120896428.88,78733579.6,18648303.0,146593855.79,1,1.2331760196061534,30.0,0.3300513847150804,48968.0,185236.6,100000.0,100000.0,55824.063,56000.0,38000.0,40000.0,200000.0,260538629.6416649,59757500.0,58524105.199999966,221385522.4306001,350458617.6000004,380933280.0,294241174.0805473,53970619.40604992,256743245.6848114,176409386.62239033,6430281.663270001,36243736.25958003,44046962.62525497,00:05:57,sets_SA_20231127_1644
85635492.35999998,101049423.07,28572869.0,1103447.838,1,0.1154680083322009,1.746815814904052,1.5296674351431978,48968.0,185236.6,100000.0,16410.658,60966.442,0.0,30551.298,40000.0,38017.022,380298594.64853454,59757500.0,58524105.199999966,221385522.47060013,350458617.6000004,380933280.0,48286912.73841895,83179652.70385003,438059064.31297225,0.0,291004.5944,8267548.751499995,18051185.012797143,00:06:39,sets_SA_20231127_1644
95997969.1,103993463.0,22604591.0,16457689.07,1,0.3158477210410715,3.29001397685742,0.0684927996927213,48968.0,185236.6,100000.0,85913.383,39452.608,14065.132,38000.0,40000.0,85000.0,315196594.0878414,59757500.0,58524105.199999966,221385522.4306001,350458617.6000004,380933280.0,252792546.8970617,124820667.0476392,311963594.4213348,6627064.632510048,6605623.54329,79780317.62296495,30522932.226978045,00:07:48,sets_SA_20231127_1644
74989542.22,165972570.0,27560915.0,38609122.9,1,0.044431938292091,1.0649583240188043,0.0,48968.0,157822.15,100000.0,0.0,0.0,53517.74,38000.0,40000.0,2871.8183,364778613.3095779,59757500.0,58524105.199999966,188621146.32843027,350458617.6000004,380933280.0,0.0,250995866.17980027,0.0,3638136.965700001,48823117.16614992,226340149.33635807,1587092.903669004,00:06:20,sets_SA_20231127_1644
114406411.69000004,75186201.2,19572663.0,144667443.7,1,0.6969548418774952,6.323220596232881,0.0554739212079543,48968.0,185236.6,100000.0,100000.0,36304.374,56000.0,0.0,40000.0,155685.47,274029546.0853592,59757500.0,58524105.199999966,221385522.4306001,350458617.6000004,380933280.0,294241174.0805473,109898471.5809601,225902669.70270348,178406155.5569901,0.0,15589971.65803002,39471034.95298,00:06:18,sets_SA_20231127_1644
87389377.6,130617833.5,22990351.0,64540786.760000005,1,0.1722089215637592,2.709925655037538,0.0,48968.0,185236.6,100000.0,31754.899,12221.824,47348.66,31947.257,40000.0,61001.949,319585176.3969221,59757500.0,58524105.199999966,221385522.4306001,350458617.6000004,380933280.0,93435987.25972342,203061337.09909907,88795477.9502659,50498703.83355948,5198523.898780008,182243229.43894207,25580750.19302408,00:06:57,sets_SA_20231127_1644
93440754.51000002,120924367.4,21581367.0,67809518.64,1,0.2203441230145144,3.275716243374851,0.0,48968.0,185236.6,100000.0,62537.397,17838.148,56000.0,17679.592,40000.0,70588.235,301724005.03047913,59757500.0,58524105.199999966,221385522.4306001,350458617.6000004,380933280.0,184010772.43233857,181459734.1164802,122730414.99340774,57762607.01912015,2215739.431539998,165628771.1444702,27858955.484325983,00:07:23,sets_SA_20231127_1644
87808365.4,167356905.0,21576734.0,58176227.0,1,0.0,3.880627419506105,0.0,48968.0,185236.6,100000.0,38395.468,0.0,53517.74,38000.0,40000.0,74816.834,297590056.3564029,59757500.0,58524105.199999966,221385522.4306001,350458617.6000004,380933280.0,112975277.17213616,167570219.3787897,0.0,16531485.396039978,80098459.09030232,265597105.78401995,29314060.82699808,00:06:46,sets_SA_20231127_1644
108036933.4,109979971.5,19875949.0,18559078.5,1,0.5762145913202638,13.620867960008775,0.7560322543249423,48968.0,185236.6,100000.0,100000.0,53722.134,0.0,38000.0,40000.0,200000.0,280130338.2118525,59757500.0,58524105.199999966,221385522.47060013,350458617.6000004,380933280.0,294241174.0764674,65745297.6442101,321341012.4795779,0.0,33032021.83496,109678937.74385986,43396555.09941995,00:05:51,sets_SA_20231127_1644
93061460.614,98720138.88,24491142.0,5794149.369,1,0.3142417664510671,2.818773497009808,0.2184820952439931,48968.0,185236.6,100000.0,70576.375,45740.978,7776.7625,38000.0,40000.0,70588.235,335835584.5543056,59757500.0,58524105.199999966,221385522.47060013,350458617.6000004,380933280.0,207664755.0491405,118856129.14526024,366183847.94216186,22200.01611,3064722.083709998,41670372.64089998,27258955.948890008,00:06:41,sets_SA_20231127_1644
81311716.34,103873761.37,30829778.0,32926315.23,1,0.5136963609064995,0.0,0.0,48968.0,185236.6,100000.0,4243.4428,35552.883,55964.857,0.0,40000.0,0.0,398886144.1112924,59757500.0,58524105.199999966,221385522.47060013,350458617.6000004,380933280.0,12485955.977073643,182995699.9941001,305082538.59797835,41072392.76858002,0.0,646638.7431000003,0.0,00:06:52,sets_SA_20231127_1644
88033808.762,101172589.69,26391242.0,4081742.367,1,0.1280449347627788,2.670143376320812,0.6153696437065965,48968.0,185236.6,100000.0,38068.289,47202.371,6315.3689,38000.0,40000.0,60117.647,358263023.819706,59757500.0,58524105.199999966,221385522.4306001,350458617.6000004,380933280.0,112012581.33597112,120185523.30044962,378064392.7377872,15599.6698,1761863.219970001,29769889.541049987,25308456.55580939,00:06:29,sets_SA_20231127_1644
114331460.682,72778363.92199999,19805404.0,168462530.372,1,0.8122978263476528,4.523461753806254,0.0,48968.0,185236.6,100000.0,100000.0,27020.966,56000.0,8496.7741,40000.0,135729.56,273298704.8879547,59757500.0,58524105.199999966,221385522.4306001,350458617.6000004,380933280.0,294241174.0805473,144050286.08056015,169368059.1883989,209577873.7988496,76799.17537,6724251.493230003,36795380.59068599,00:06:25,sets_SA_20231127_1644
110737692.71,80962926.3,22140870.0,21629829.49,1,1.7110956614281498,12.37664996391634,0.5202363206776413,48968.0,185236.6,100000.0,100000.0,70454.617,50408.463,0.0,40000.0,200000.0,306709902.4533151,59757500.0,58524105.199999966,221385522.4906001,350458617.6000004,380933280.0,294241174.0843274,48257087.74669992,450444449.9175305,26273092.35511993,0.0,4822640.395420001,41932238.8555,00:05:39,sets_SA_20231127_1644
106385417.978,80460742.332,22652858.0,28763680.952,1,1.4777359661127425,3.170172098750092,0.1690887313163544,48968.0,185236.6,100000.0,100000.0,56443.237,56000.0,0.0,19074.503,152886.76,309367957.13536006,59757500.0,58524105.199999966,221385522.4906001,350458617.6000004,380933280.0,294241174.0843274,79616664.63667001,414126481.83791673,35954874.38314003,0.0,99248.6068,34337815.370587945,00:05:56,sets_SA_20231127_1644
116726665.46,77325340.71,19170271.0,135168295.52,1,0.6735338130730377,8.847112976843356,0.1061762923134234,48968.0,185236.6,100000.0,100000.0,41772.781,56000.0,15976.463,40000.0,193997.4,269975088.89644885,59757500.0,58524105.199999966,221385522.4306001,350458617.6000004,380933280.0,294241174.0805473,92138924.83425814,245192927.19912463,164522590.84139007,2193812.93966,25749013.89626,42637816.10817897,00:05:56,sets_SA_20231127_1644
85633693.227,102677546.83,27426379.0,3504913.182,1,0.290245829147201,1.793622970587215,0.2626322559424903,48968.0,185236.6,100000.0,27145.195,46429.881,7087.8595,38000.0,40000.0,47058.824,368481442.5664415,59757500.0,58524105.199999966,221385522.47060013,350458617.6000004,380933280.0,79872340.67174545,126863967.7054899,375853247.2649718,18755.50135,1083119.19216,25978182.26912004,20760865.344210614,00:05:39,sets_SA_20231127_1644
79586061.39000002,144205323.4,25616239.0,27306772.85,1,0.070548493974517,1.9426397293018447,0.1138377610170886,48968.0,185236.6,100000.0,7495.8423,11295.772,42221.968,38000.0,40000.0,38225.292,350402597.9891434,59757500.0,58524105.199999966,221385522.4306001,350458617.6000004,380933280.0,22055854.355696622,231101650.49717045,92078638.99117915,774601.9041800001,33200507.939249977,172641871.96831998,18247927.297454048,00:07:24,sets_SA_20231127_1644
100296585.513,104666506.7,21491908.0,13123555.755,1,0.0,5.717408942162835,0.840859989467899,48968.0,185236.6,100000.0,100000.0,42821.538,10696.202,38000.0,40000.0,114479.79,302148970.39312464,59757500.0,58524105.199999966,221385522.4306001,350458617.6000004,380933280.0,294241174.0805473,108014403.24086058,320867229.36478496,37937.8349,18828042.553070005,82049654.464168,36556298.4377109,00:06:25,sets_SA_20231127_1644
81136858.44999999,151260411.0,24384429.0,32906418.13,1,0.0,2.6015305559202067,0.2197291232478884,48968.0,185236.6,100000.0,11875.059,8149.5701,45368.17,38000.0,40000.0,47058.824,335332071.4258788,59757500.0,58524105.199999966,221385522.4306001,350458617.6000004,380933280.0,34941312.61903089,220813660.42612424,60846669.10940313,1015010.7567899998,49671530.50884901,197450398.90432927,21749230.169950813,00:06:57,sets_SA_20231127_1644
77340210.54000002,146409677.3,26864192.0,26767599.94,1,0.0221238846505346,1.6055500011624946,0.1699341385803258,48968.0,185236.6,100000.0,0.0,9891.3325,43626.408,38000.0,40000.0,23529.412,363686048.0512554,59757500.0,58524105.199999966,221385522.4306001,350458617.6000004,380933280.0,0.0,245434070.72078127,82390750.74097317,875072.0413199998,31670846.505317967,169426529.88061804,12167168.193367008,00:07:22,sets_SA_20231127_1644
97219463.55,133974823.0,20226089.0,30613793.47,1,0.0,5.126479380759758,0.3290688386509082,48968.0,185236.6,100000.0,94269.621,17353.825,36163.915,38000.0,40000.0,96409.995,282528946.1382616,59757500.0,58524105.199999966,221385522.4306001,350458617.6000004,380933280.0,277380038.24751,184337280.01561,112470275.53237212,470583.95001,53672204.56445004,178846923.05879968,33811674.694176994,00:07:12,sets_SA_20231127_1644
83554483.9,103687121.301,29880566.0,1035555.511,1,0.3538406411952726,0.6492473713429985,1.0918700288694674,48968.0,185236.6,100000.0,9285.681,61767.964,0.0,29749.776,40000.0,16548.43,390957838.7073821,59757500.0,58524105.199999966,221385522.4306001,350458617.6000004,380933280.0,27322296.73594587,80951890.97397047,440813248.2129836,0.0,269363.5022000001,7762768.002700008,7985597.60517516,00:06:16,sets_SA_20231127_1644
99192222.30400002,95523933.6,22823968.0,6738002.848999999,1,0.3780288408159088,3.768732518047105,0.2272765529796592,48968.0,185236.6,100000.0,100000.0,47879.804,5637.9362,38000.0,40000.0,96701.657,316185699.4867892,59757500.0,58524105.199999966,221385522.47060013,350458617.6000004,380933280.0,294241174.0771071,105358988.9264797,372394552.9105088,13110.046799999998,5171112.200510001,46859506.04819195,32602447.087146044,00:06:24,sets_SA_20231127_1644
76857583.44000001,118419952.8,32236600.0,5514121.69,1,0.0461711924192913,0.8845417899829044,0.3774914762173365,48968.0,148806.84,100000.0,0.0,36647.984,16869.757,38000.0,40000.0,0.0,414133664.5104266,59757500.0,58524105.199999966,177846493.8193395,350458617.6000004,380933280.0,0.0,174079603.65869027,313397265.8460188,79448.9957,2230881.792119999,40010073.01969996,0.0,00:06:42,sets_SA_20231127_1644
113162453.394,76506790.42,20997557.0,67131932.36,1,1.735768196424582,9.831352375775548,0.300705153042805,48968.0,185236.6,100000.0,100000.0,59841.541,56000.0,0.0,15676.199,200000.0,293165789.43100977,59757500.0,58524105.199999966,221385522.47060013,350458617.6000004,380933280.0,294241174.0764674,57222386.128859885,387679898.77225584,83772062.61923008,0.0,1122921.4618100007,41051683.071669966,00:05:08,sets_SA_20231127_1644
73689665.17,128134521.27,36712677.0,5944373.573,1,0.2513365857673724,0.0,0.0,48968.0,48391.726,100000.0,0.0,37356.97,16160.77,38000.0,40000.0,0.0,457740674.5635133,59757500.0,58524105.199999966,57835371.80827005,350458617.6000004,380933280.0,0.0,173393390.9110201,318739229.06003094,1628347.3338400004,545109.1462000003,35491191.87466004,0.0,00:06:48,sets_SA_20231127_1644
112286961.282,75664215.03,19822884.0,164116150.738,1,0.5593825626084379,4.298460895522094,0.0,48968.0,185236.6,100000.0,100000.0,24967.539,56000.0,10550.201,40000.0,117647.06,276201932.4679697,59757500.0,58524105.199999966,221385522.4306001,350458617.6000004,380933280.0,294241174.0805473,151651304.5529795,160162175.13829342,202788848.5161808,392691.70154,14802248.46634001,35381945.34040298,00:06:50,sets_SA_20231127_1644
85432044.71,138645934.0,23408155.0,27570903.06,1,0.0694300587154651,2.9887190095321885,0.1860635742222299,48968.0,185236.6,100000.0,30750.841,16681.934,36835.806,38000.0,40000.0,65088.451,324891551.6340815,59757500.0,58524105.199999966,221385522.4306001,350458617.6000004,380933280.0,90481635.60526536,195637426.6891152,124251190.41829243,493124.7483000001,38363110.87670995,171052417.87905914,27114730.37297589,00:07:12,sets_SA_20231127_1644
89081407.72,107306683.3,24841517.0,9382621.025,1,0.2577422069278432,2.548816995816721,0.1261986306261044,48968.0,185236.6,100000.0,48898.273,39409.814,14107.926,38000.0,40000.0,66131.094,341942019.08111507,59757500.0,58524105.199999966,221385522.4906001,350458617.6000004,380933280.0,143878853.4844942,135490608.7968454,322215270.0520897,97241.10294,6461466.446039994,65532682.17592005,26422478.957977954,00:06:49,sets_SA_20231127_1644
118846670.60999998,78075910.10000001,18639070.0,167485097.43,1,0.5136313299258466,10.686757543537892,0.0460243093364235,48968.0,185236.6,100000.0,100000.0,30343.51,56000.0,30099.912,40000.0,200000.0,259795501.0334351,59757500.0,58524105.199999966,221385522.4306001,350458617.6000004,380933280.0,294241174.0805473,122548768.18401924,163473023.10649988,202818204.5005696,5500744.845979999,35456528.35878001,43874276.653220005,00:05:57,sets_SA_20231127_1644
81437472.62799999,107249840.08,30424315.0,1850592.834,1,0.1325466577985702,1.0490008421122816,0.9187819274390896,48968.0,185236.6,100000.0,1566.1817,53760.947,0.0,37756.793,40000.0,18697.216,398486639.9401001,59757500.0,58524105.199999966,221385522.4906001,350458617.6000004,380933280.0,4608351.521952348,104878606.98137008,410567114.1050344,0.0,533697.7673800001,13817848.806440009,9762711.455211025,00:06:31,sets_SA_20231127_1644
118298124.35999998,75118855.73,19264127.0,131090197.32,1,1.3160602844558134,13.72798335615972,0.2266785977438494,48968.0,185236.6,100000.0,100000.0,52124.929,56000.0,10009.445,40000.0,200000.0,270620030.61999905,59757500.0,58524105.199999966,221385522.4306001,350458617.6000004,380933280.0,294241174.0805473,65095317.95357217,285066590.92080027,160917130.94431022,871513.0624999988,17846715.770440005,42714821.43570298,00:05:54,sets_SA_20231127_1644
104486222.5,96656738.0,20839843.0,37948657.0,1,0.531044030359427,6.012926049246213,0.1089336795013492,48968.0,185236.6,100000.0,100000.0,45740.978,56000.0,0.0,40000.0,141176.47,293848790.0798215,59757500.0,58524105.199999966,221385522.47060013,350458617.6000004,380933280.0,294241174.0764674,92629205.13240018,322439109.0476118,34548746.59815996,0.0,80180210.74981996,38317419.228126,00:05:19,sets_SA_20231127_1644
119280500.03,76902648.87,19259024.0,120003713.39,1,2.2947238671418284,27.6495776975836,0.5686670708344284,48968.0,185236.6,100000.0,100000.0,64224.55,56000.0,28731.096,40000.0,200000.0,271708796.2267991,59757500.0,58524105.199999966,221385522.4306001,350458617.6000004,380933280.0,294241174.0805473,43170587.17796803,316091035.45318514,146122669.51975998,2746833.8127999967,21666144.052759983,42977299.23132798,00:05:48,sets_SA_20231204_1220
111138086.19,91523161.6,21070843.0,18734775.24,1,2.5708876019438653,28.78388842456814,1.030079541223519,48968.0,185236.6,100000.0,100000.0,74931.982,38512.557,38000.0,40000.0,200000.0,296237864.1749348,59757500.0,58524105.199999966,221385522.47060013,350458617.6000004,380933280.0,294241174.0764674,32265565.47412004,426404820.4954035,14243173.874170007,3950553.63166,52933155.24420005,42798476.942986965,00:05:43,sets_SA_20231204_1220
110330447.44,115268518.0,19272169.0,24762688.2,1,1.1507943100581026,26.804078489669685,0.9066933778089185,48968.0,185236.6,100000.0,100000.0,60619.413,28009.445,38000.0,40000.0,200000.0,271270307.1615748,59757500.0,58524105.199999966,221385522.4306001,350458617.6000004,380933280.0,294241174.0805473,48985313.78918005,306465984.8541912,3079917.0069099986,44465024.56009995,126801030.3633499,43574778.45303996,00:05:43,sets_SA_20231204_1220
118666300.19,78701846.7,19146407.0,120201943.6,1,1.4381171672853288,22.034024486834817,0.4153215540787054,48968.0,185236.6,100000.0,100000.0,60053.754,56000.0,30712.599,40000.0,200000.0,270358300.641565,59757500.0,58524105.199999966,221385522.47060013,350458617.6000004,380933280.0,294241174.0771071,50664227.523974,301386783.52322257,145021634.50591007,4274604.098739994,28450019.04266997,43165086.28129998,00:06:22,sets_SA_20231204_1220
113885387.29000002,80446538.65,21082060.0,47221077.2,1,2.6753382293578563,26.7104467164934,0.8936938773732213,48968.0,185236.6,100000.0,100000.0,75195.066,56000.0,17807.553,40000.0,200000.0,296464279.3986144,59757500.0,58524105.199999966,221385522.4306001,350458617.6000004,380933280.0,294241174.0805473,32778074.42961001,426893622.1231336,56920741.73163999,902835.3262599997,12301996.222230012,42621165.01564698,00:05:42,sets_SA_20231204_1220
106365201.3,134689831.0,18650400.0,41729438.6,1,0.0,20.261887182829536,0.4407585869143644,48968.0,185236.6,100000.0,100000.0,18704.201,43664.303,38000.0,40000.0,200000.0,258683027.91453505,59757500.0,58524105.199999966,221385522.4306001,350458617.6000004,380933280.0,294241174.0805473,161179476.05111176,100334064.97667512,10152998.136980005,67112699.40110026,191018031.2594596,44850100.304069966,00:06:01,sets_SA_20231204_1220
102361313.82,94281645.5,22248036.0,6803664.600000001,1,0.0,7.1916789636757485,1.4299184321734235,48968.0,185236.6,100000.0,100000.0,53517.74,0.0,38000.0,40000.0,132014.76,310502888.854043,59757500.0,58524105.199999966,221385522.4906001,350458617.6000004,380933280.0,294241174.0843274,87373944.16731004,389972862.9919816,0.0,9075785.30334,43374676.747189984,38849079.37266367,00:06:12,sets_SA_20231204_1220
100045916.47,128132018.0,19880325.0,28049584.470000003,1,0.0,5.895625276416169,0.4245313259123142,48968.0,185236.6,100000.0,100000.0,24226.016,29291.724,38000.0,40000.0,117285.81,278496542.1657741,59757500.0,58524105.199999966,221385522.4306001,350458617.6000004,380933280.0,294241174.0805473,159021598.0468299,156398298.67802224,257277.95860000007,49252906.103689946,164867188.701916,37157645.466449976,00:06:46,sets_SA_20231204_1220
103391967.47,117761412.2,19269293.0,82685307.24,1,0.2383387802352421,5.850276067427076,0.0,48968.0,185236.6,100000.0,100000.0,15918.864,56000.0,25476.084,40000.0,120557.6,269468659.6560941,59757500.0,58524105.199999966,221385522.4306001,350458617.6000004,380933280.0,294241174.0805473,177841797.83998,90738611.3584194,73077836.53871228,5129604.033769991,183009419.2411881,37147979.66558605,00:06:32,sets_SA_20231204_1220
106398790.83500002,114340577.0,19734403.0,21012084.401,1,0.0,10.405434163533895,1.1250883779755918,48968.0,185236.6,100000.0,100000.0,45444.391,8073.3495,38000.0,40000.0,187000.0,278135484.98307455,59757500.0,58524105.199999966,221385522.47060013,350458617.6000004,380933280.0,294241174.0764674,85975756.94394024,282384920.0428904,23682.951500000003,37704065.25093997,123708846.23406,43238833.52277999,00:06:08,sets_SA_20231204_1220
108185346.0,75486914.5231,21212811.0,153642697.5609,1,0.9223136063696988,1.4831143866888823,0.0,48968.0,185236.6,100000.0,90102.779,28334.857,56000.0,7182.8835,40000.0,81863.643,289177362.722437,59757500.0,58524105.199999966,221385522.4306001,350458617.6000004,380933280.0,265119475.02697045,143252522.48958096,193407836.1078847,191948762.76272056,19230.62106,1168919.8246200003,24960958.08239909,00:06:53,sets_SA_20231204_1220
110309603.17,107210287.4,18956156.0,62882567.77,1,0.5222201901381565,10.958515149657268,0.1512004182597683,48968.0,185236.6,100000.0,100000.0,41812.329,53028.012,32363.121,40000.0,200000.0,266805447.15031505,59757500.0,58524105.199999966,221385522.4306001,350458617.6000004,380933280.0,294241174.0805473,90367241.0864499,235836584.35265264,54609907.82606017,6133867.037070002,142849669.37674,43408840.018479936,00:06:01,sets_SA_20231204_1220
83524719.98000002,121351906.1,25646563.0,15009281.15,1,0.0,2.711062319080261,0.44478365823816,48968.0,185236.6,100000.0,21626.585,29734.99,23782.75,38000.0,40000.0,51000.0,353054253.839845,59757500.0,58524105.199999966,221385522.4306001,350458617.6000004,380933280.0,63634316.73905192,170230585.8520703,244457115.94401103,152307.62292,15596269.959539998,99360988.32877992,23013203.948552974,00:07:00,sets_SA_20231204_1220
99782076.49,142927860.0,19205940.0,50439550.2,1,0.1359990559363542,5.494040898073418,0.0,48968.0,185236.6,100000.0,100000.0,4552.0625,48965.678,38000.0,40000.0,117647.06,267347837.3984252,59757500.0,58524105.199999966,221385522.4306001,350458617.6000004,380933280.0,294241174.0805473,205065711.1900896,25912837.904900003,17259515.49122997,69119963.29936026,212439241.8581501,36956104.18009199,00:06:48,sets_SA_20231204_1220
113365889.20000002,80269604.2,19209546.0,177785465.88,1,0.3012670025225289,6.005883770431099,0.0,48968.0,185236.6,100000.0,100000.0,18169.222,56000.0,23002.522,40000.0,127555.9,268502050.280892,59757500.0,58524105.199999966,221385522.4306001,350458617.6000004,380933280.0,294241174.0805473,169649891.83457,103610516.4085198,215730614.9175909,4537869.994159999,36268375.19877002,37887668.22069001,00:06:24,sets_SA_20231204_1220
73141075.324,132025785.51,39635306.0,2843307.545,1,0.0815170841099185,0.0,0.5825994146904507,48968.0,0.0,100000.0,0.0,47052.914,6464.8263,38000.0,40000.0,0.0,486350848.0980892,59757500.0,58524105.199999966,0.0,350458617.6000004,380933280.0,0.0,128581722.29423945,379254383.341962,16197.4994,924158.93022,21020808.75713004,0.0,00:05:57,sets_SA_20231204_1220
104462586.93000002,83809676.38299999,23930211.0,358947.81,1,1.7312934461507807,0.214561415724537,1.0512292599934814,48968.0,185236.6,100000.0,100000.0,74488.82,0.0,17028.92,40000.0,117647.06,319628864.7003999,59757500.0,58524105.199999966,221385522.47060013,350458617.6000004,380933280.0,294241174.0771071,49672503.169530034,477340089.9489904,0.0,80838.35759999999,2703837.4078999995,28892830.42238099,00:05:29,sets_SA_20231204_1220
93599240.264,96261103.32,24756364.0,4095860.2205,1,0.0,3.819398040853598,1.0251238245567895,48968.0,185236.6,100000.0,68836.548,49672.077,3845.663,38000.0,40000.0,74903.889,339145501.8548059,59757500.0,58524105.199999966,221385522.4306001,350458617.6000004,380933280.0,202545467.9513048,110094502.98821963,388032841.3336376,6541.393599999999,2542166.982910001,29121216.33569004,29444473.015805986,00:06:38,sets_SA_20231204_1220
97761485.16000004,89374192.557,24704326.0,1051292.721,1,0.0305520310031708,4.02362247944267,1.8388276322543944,48968.0,185236.6,100000.0,81208.987,62010.151,0.0,29507.589,40000.0,85000.0,335789888.8544524,59757500.0,58524105.199999966,221385522.47060013,350458617.6000004,380933280.0,238950277.36754903,80006857.84918998,441635752.51802,0.0,262890.44979999994,7891768.838299996,31608784.26544,00:06:50,sets_SA_20231204_1220
106261730.63000004,123304084.0,19232679.0,26643324.028,1,0.0,11.02661611829444,0.7936909190146171,48968.0,185236.6,100000.0,100000.0,36894.744,16622.996,38000.0,40000.0,188235.29,269205685.2491947,59757500.0,58524105.199999966,221385522.4306001,350458617.6000004,380933280.0,294241174.0805473,107127028.43383004,218409710.20921203,77474.9136,52218174.49997004,151964882.8011599,43673247.22507497,00:06:08,sets_SA_20231204_1220
85658239.1,168399743.0,22156516.0,57119573.0,1,0.0090289837222508,3.495031074268562,0.0,48968.0,185236.6,100000.0,25339.953,0.0,53517.74,38000.0,40000.0,70588.235,305347081.79121566,59757500.0,58524105.199999966,221385522.4306001,350458617.6000004,380933280.0,74560576.31490655,172129883.07474464,0.0,15831189.592389982,80128970.29508033,261707226.68642023,28558248.429944985,00:06:55,sets_SA_20231204_1220
93752881.8,105218110.8,23334175.0,10621581.565,1,0.2240598475567235,3.295624923265016,0.2484266001346821,48968.0,185236.6,100000.0,75452.652,40581.795,12935.945,38000.0,40000.0,76788.286,323988427.9826292,59757500.0,58524105.199999966,221385522.4306001,350458617.6000004,380933280.0,222012767.78687933,124728836.4530905,323266183.19900006,51376.294400000006,9922646.332310002,71828226.10366201,29134678.95566405,00:06:37,sets_SA_20231204_1220
118570352.45,73200735.4,19196125.0,148815914.3,1,1.136345761068623,10.146504601628305,0.1105684803642257,48968.0,185236.6,100000.0,100000.0,42631.546,56000.0,0.0,40000.0,200000.0,267490412.2620851,59757500.0,58524105.199999966,221385522.4306001,350458617.6000004,380933280.0,294241174.0805473,84658451.0505899,246902227.606618,183775894.2714544,0.0,14460695.623020006,42731331.987150975,00:06:18,sets_SA_20231204_1220
110983543.14,93150961.89,20458604.0,33630231.14,1,1.5264607828995298,18.33233480697399,0.5195279979671243,48968.0,185236.6,100000.0,100000.0,65639.787,56000.0,20705.513,40000.0,200000.0,289089030.9473335,59757500.0,58524105.199999966,221385522.4306001,350458617.6000004,380933280.0,294241174.0805473,45886619.30634002,382325733.1618408,30618970.243449964,1800784.599100002,69165162.50942996,42800070.78409796,00:05:57,sets_SA_20231204_1220
84398122.70000002,158887422.0,22688533.0,48180253.1,1,0.0852608484733915,2.972654083865637,0.0144220931865057,48968.0,185236.6,100000.0,23011.449,0.0,53517.74,38000.0,40000.0,64769.902,314394337.10134816,59757500.0,58524105.199999966,221385522.4306001,350458617.6000004,380933280.0,67709158.74354677,221665242.8910822,0.0,12087521.925539996,71176267.30149022,224868237.52857307,27024855.63147473,00:06:58,sets_SA_20231204_1220
94084059.106,99404071.4,24009414.0,6698343.8950000005,1,0.0879722923698257,3.6738690524661264,0.6691708743465317,48968.0,185236.6,100000.0,74298.041,45762.943,7754.7967,38000.0,40000.0,77483.195,331440558.6923718,59757500.0,58524105.199999966,221385522.47060013,350458617.6000004,380933280.0,218615428.8184749,115802728.27757996,362317258.3935071,22090.18707,5434696.566299999,46220493.97754003,29813777.573030856,00:06:21,sets_SA_20231204_1220
102268145.03,125235657.4,19219265.0,87325139.0,1,0.1471245663054108,5.462057443374201,0.0,48968.0,185236.6,100000.0,100000.0,6240.1852,47277.555,38000.0,40000.0,117647.06,267625788.4299154,59757500.0,58524105.199999966,221385522.4306001,350458617.6000004,380933280.0,294241174.0805473,201257684.3357201,35719725.92745534,73885247.49222063,10372660.979640003,208561951.10845995,36943916.63650499,00:06:54,sets_SA_20231204_1220
108514749.69,102808620.2,19670117.0,46161113.07,1,0.5687157090166031,8.837478221730139,0.1677962121470603,48968.0,185236.6,100000.0,100000.0,45940.214,50408.463,25634.377,40000.0,190144.55,278100769.6828914,59757500.0,58524105.199999966,221385522.4306001,350458617.6000004,380933280.0,294241174.0805473,83981374.7273762,287312840.47802186,38352158.06063994,4489023.827199997,115661874.30840988,42443367.84636999,00:05:59,sets_SA_20231204_1220
89730251.47,122587164.8,23018160.0,19830422.630000003,1,0.0984952338517253,3.357461996758409,0.2678803924360298,48968.0,185236.6,100000.0,54623.862,28058.173,25459.567,38000.0,40000.0,70588.235,320820262.58958834,59757500.0,58524105.199999966,221385522.4306001,350458617.6000004,380933280.0,160725893.94387788,159233239.13225076,218564549.2348261,182172.9721,24787902.355719965,127029406.299219,28405726.80383499,00:07:00,sets_SA_20231204_1220
76706601.8600001,119871211.47,31728582.0,9891002.773,1,0.2078999666782099,0.5131947607660978,0.0,48968.0,159187.98,100000.0,0.0,30456.304,23061.437,38000.0,40000.0,1.857256e-09,409128653.6188013,59757500.0,58524105.199999966,190253514.57587925,350458617.6000004,380933280.0,0.0,207667155.760411,264997564.20897004,3775297.702419996,545109.1462000003,52812146.13989016,7.382371185200073e-07,00:07:01,sets_SA_20231204_1220
79032698.17,117961792.6,29193624.0,8686379.760000002,1,0.105724072892003,1.247780163132525,0.219956389208961,48968.0,185236.6,100000.0,2316.796,31529.983,21987.757,38000.0,40000.0,23529.412,388512365.8956136,59757500.0,58524105.199999966,221385522.4306001,350458617.6000004,380933280.0,6816967.737945356,190756003.23234504,272426298.20642835,126218.36572,4576885.460240004,61911860.49673999,12099922.591850009,00:06:45,sets_SA_20231204_1220
80407134.90000002,111145533.65,29495046.0,4991780.954,1,0.1735270186362625,1.110923257934976,0.2223851621763306,48968.0,185236.6,100000.0,5614.6482,39476.906,14040.835,38000.0,40000.0,23529.412,390008048.55089056,59757500.0,58524105.199999966,221385522.47060013,350458617.6000004,380933280.0,16520606.8412248,157798129.50590983,333606389.78101206,58331.110120000005,1782142.7722,36552279.31981995,11974900.27848306,00:07:07,sets_SA_20231204_1220
83878353.83000001,110187660.9,26963638.0,7564230.602,1,0.009760564138468,2.51266150829177,0.5788562768850882,48968.0,185236.6,100000.0,20816.589,39357.75,14159.99,38000.0,40000.0,47058.824,366641663.2331946,59757500.0,58524105.199999966,221385522.47060013,350458617.6000004,380933280.0,61250975.54102507,144940965.31845993,326626764.1233496,59165.19606,4992224.529220001,53178147.57242006,21621719.9653752,00:06:34,sets_SA_20231204_1220
